1,1,2,1,3,2,1,1,2,2,4,2,2,8,2,2,2,2,2,2,2,5,3,5,7,5,3,3,3,3,3,4,6,5,6,2,3,2,6,3,3,4,3,5,3,3,3,3,7,3,5,4,5,6,4,4,4,6,5,5,4,9,7,5,5,6,5,5,8,8,6,6,8,12,5,8,7,13,8,7,8,6,10,10,7,10,4,12,8,10,35,21,8,12,14,9,9,9,9,10,9,9,10,11,14,13,60,9,5,6,47,60,6,5,4,9,9,6,6,6,6,8,6,6,6,8,8,7,6,8,70,38,13,14,27,13,7,12,6,8,9,10,8,12,8,9,9,8,8,12,9,10,11,10,11,9,12,7,14,10,10,12,12,8,9,10,14,15,76,60,19,12,13,12,11,11,41,62,13,70,30,16,22,12,12,12,14,12,12,13,12,16,13,15,18,14,13,14,14,15,15,19,19,35,29,15,17,15,15,12,17,16,18,13,16,66,228,29,101,143,22,15,18,15,215,19,16,12,15,11,9,11,11,13,13,16,14,17,12,14,13,14,12,14,17,13,16,14,15,15,15,13,19,17,18,124,45,24,47,38,18,23,21,116,48,38,19,18,15,17,128,21,16,15,15,15,15,15,15,15,15,15,15,17,19,15,15,15,15,15,15,15,15,15,15,15,15,15,15,15,15,15,15,15,15,15,15,15,15,16,16,16,16,16,15,29,49,29,65,18,23,31,16,19,19,93,27,21,17,15,15,15,15,15,15,15,15,15,15,15,15,15,15,15,15,15,15,15,15,15,15,15,15,15,15,15,15,15,15,15,15,15,15,15,15,15,15,15,15,15,15,15,15,15,15,15,15,15,15,15,15,15,15,15,15,15,15,15,15,15,15,15,15,15,15,15,15,15,15,15,15,15,15,15,15,15,15,15,15,15,15,15,15,15,15,15,15,15,15,15,15,15,15,15,15,15,15,15,15,15,15,15,15,15,15,15,15,15,15,15,15,15,15,15,15,15,15,15,15,15,15,15,15,15,15,15,15,15,15,15,15,15,15,15,15,15,15,15,15,15,15,15,15,15,15,15,15,15,15,15,15,15,15,15,15,15,15,15,17,15,15,15,15,15,15,15,15,15,15,15,17,15,15,15,15,15,15,15,15,15,15,15,15,15,15,15,15,15,15,15,15,15,15,15,15,15,15,15,15,15,15,15,15,15,15,15,15,15,15,15,15,15,15,15,15,15,15,15,15,15,15,15,15,15,15,15,15,15,17,15,15,15,15,15,15,15,15,15,15,15,15,15,15,15,15,15,15,15,15,15,15,15,15,15,15,15,15,15,15,15,15,15,15,15,15,15,15,15,15,15,15,15,15,15,15,15,15,15,15,15,15,15,15,15,15,15,15,15,15,15,15,15,15,15,15,15,15,15,15,15,15,15,15,17,15,15,15,15,15,15,15,15,15,15,15,15,15,15,15,15,15,15,15,15,15,15,15,15,15,15,15,15,15,15,15,15,15,15,15,15,15,15,15,15,15,15,11,15,17,15,15,15,15,15,15,17,15,15,15,15,15,15,15,15,15,15,15,15,15,15,15,15,15,15,15,15,15,15,15,15,15,15,15,15,15,15,15,15,15,15,15,15,15,15,15,15,15,15,15,15,15,15,15,15,15,15,15,15,15,15,15,15,15,15,15,15,15,15,15,15,15,15,15,15,15,15,15,15,15,15,15,15,15,15,17,15,15,15,15,15,15,15,15,15,15,15,15,15,15,15,15,15,15,15,15,15,15,15,15,15,15,15,15,15,15,15,15,15,15,15,15,15,15,15,15,15,15,15,15,15,15,15,15,15,15,15,15,13,15,15,15,15,15,15,15,15,15,15,15,15,15,15,15,15,15,15,15,15,15,15,15,15,15,15,15,15,15,15,15,15,15,15,15,15,15,15,15,15,15,15,15,15,15,15,15,15,15,15,15,15,15,15,15,15,15,15,15,15,15,15,15,15,15,15,15,15,15,15,15,15,15,15,15,15,15,15,15,15,15,15,15,15,15,15,15,15,15,15,15,15,15,15,15,15,15,15,15,15,15,15,15,15,15,15,15,15,15,15,15,15,15,15,15,15,15,15,15,15,15,15,15,15,15,15,15,15,15,15,15,15,15,15,15,15,15,15,15,15,15,15,15,15,15,15,15,15,15,15,15,15,15,15,15,15,15,15,15,15,15,15,15,15,15,15,15,15,15,15,15,15,15,15,15,15,15,15,15,15,15,15
2,2,1,3,1,1,1,1,4,2,2,3,4,2,2,2,4,2,3,3,3,3,4,3,3,5,4,6,2,2,3,3,3,5,4,4,3,3,3,3,4,3,5,4,5,6,6,4,5,6,7,4,5,7,5,7,6,6,5,7,5,7,6,5,7,7,7,5,5,6,5,7,9,11,6,10,11,10,2,7,7,9,7,12,7,10,33,77,106,65,113,43,7,4,8,10,7,7,6,6,30,185,105,27,15,10,10,13,90,9,14,10,10,10,12,11,11,12,11,11,13,13,13,11,12,14,11,13,13,18,14,11,12,15,14,95,17,16,15,14,13,15,161,19,13,19,14,15,12,16,58,67,82,14,18,18,17,17,15,15,31,30,39,15,15,17,15,15,16,17,15,15,15,15,15,15,15,15,15,15,15,15,15,15,15,15,17,15,15,15,15,15,15,15,15,15,15,15,15,15,15,15,15,15,15,15,15,15,15,15,15,15,15,15,15,15,15,15,15,15,15,15,15,15,15,15,15,15,15,15,15,15,15,15,15,15,15,15,15,15,15,15,15,15,15,15,15,15,15,15,15,15,16,16,16,16,16,16,39,15,15,15,15,15,17,15,15,15,15,15,15,15,15,15,15,15,15,15,15,15,15,15,8,15,15,15,15,15,15,15,15,15,5,15,15,15,9,15,15,15,15,17,15,15,15,15,15,15,15,15,15,15,15,15,15,15,15,15,15,15,15,15,15,15,15,15,15,15,15,15,15,15,15,15,15,15,15,15,15,15,15,15,15,15,15,15,15,15,15,15,15,15,15,15,15,15,15,15,15,15,15,15,15,15,15,15,15,15,15,15,15,15,15,15,15,15,15,15,17,15,15,15,15,15,15,15,15,15,15,15,15,15,15,15,15,15,15,15,15,15,15,15,15,15,15,15,15,15,15,15,15,15,15,15,15,15,17,15,15,15,15,15,15,15,15,15,15,15,15,15,15,17,15,15,15,15,15,15,15,15,15,15,15,15,15,15,15,15,15,15,15,15,15,15,15,15,15,15,15,15,15,15,15,15,15,15,15,15,15,15,15,15,15,15,15,15,15,15,15,15,15,15,15,15,15,15,15,15,17,15,15,15,17,15,15,15,15,15,15,15,15,15,15,15,15,15,15,15,15,15,15,15,15,15,15,15,15,15,15,15,15,15,21,15,15,15,15,15,15,15,15,15,15,15,15,15,15,15,15,15,15,15,15,15,15,15,15,15,15,15,15,15,15,15,15,15,17,15,15,15,15,15,15,15,15,15,15,15,15,15,15,15,15,15,15,15,15,15,15,17,15,15,15,15,15,15,15,15,15,15,15,15,15,15,17,15,15,15,15,15,15,15,15,15,15,15,15,15,15,15,15,15,15,15,15,15,15,15,15,15,15,15,15,15,15,15,15,15,15,15,15,15,15,15,15,15,15,15,15,15,15,15,15,15,15,15,15,15,15,15,15,15,15,15,15,15,15,15,15,15,15,15,15,15,15,15,15,15,15,15,15,15,15,15,15,15,15,15,15,15,15,15,15,15,14,15,15,15,15,15,15,15,15,15,15,15,15,15,15,15,15,15,15,15,15,15,15,15,15,15,15,15,15,15,15,15,15,15,15,15,15,15,15,15,15,15,15,15,15,15,15,15,15,15,15,15,15,15,15,15,15,15,15,15,15,15,15,15,15,15,15,15,15,15,15,15,15,15,15,15,15,15,15,15,15,15,15,15,15,15,15,15,15,15,15,15,15,15,15,15,15,15,15,15,15,15,15,15,15,15,15,15,15,15,15,15,15,15,15,15,15,15,15,15,15,15,15,15,15,15,15,15,15,15,15,15,15,15,15,15,15,15,15,15,15,15,17,15,15,15,15,15,15,15,15,15,15,15,15,15,15,15,15,15,15,15,15,15,15,15,15,15,15,15,15,15,15,15,15,15,15,17,15,15,15,15,15,15,15,15,15,15,15,15,15,15,15,15,15,15,15,15,15,15,15,15,15,15,15,15,15,15,15,15,15,15,15,15,15,15,15,15,15,15,15,15,15,15,15,15,15,15,15,15,15,15,15,15,15,15,15,15,15,15,15,15,15,15,15,15,15,15,15,15,15,15,15,15,15,15,15,15,15,15,15,15,15,15,15,15,15,15,15,15,15,15,15,15,15,15,15,15,15,15,15,15,15,15,15,15,15,15,15,15,15,15,15,15,15,15,15,15,15,15,15,15,15,15,15,15,15,15,15,15,15,15,15,15,15,15
5,1,2,1,1,1,3,3,1,3,2,4,2,3,4,2,2,2,2,2,2,2,3,2,2,4,4,5,3,3,6,3,3,5,3,3,5,3,3,6,3,3,6,2,2,4,4,7,10,7,2,4,4,4,6,4,5,4,4,5,27,6,5,4,10,7,5,11,219,13,10,7,6,7,5,5,6,5,6,7,12,1,6,6,9,12,7,7,7,7,9,11,7,7,8,7,8,8,10,9,13,7,13,10,11,109,13,9,31,11,16,125,40,19,10,24,7,9,4,6,14,7,6,6,6,11,6,10,8,104,9,8,8,11,8,8,8,10,10,8,10,8,8,12,10,11,9,11,10,9,13,10,37,162,24,13,16,38,27,11,20,14,10,13,11,12,29,39,13,14,19,10,16,13,12,12,13,12,18,11,12,14,17,13,14,13,16,93,65,92,28,18,40,25,25,24,32,27,9,11,15,11,11,11,11,13,14,11,13,12,11,12,11,12,12,13,14,17,16,15,18,14,13,13,13,13,15,13,16,16,14,20,14,14,16,15,19,18,13,18,15,15,15,15,15,15,15,15,241,47,33,28,27,17,42,71,17,30,19,15,22,19,40,15,33,19,33,21,17,16,16,20,16,16,16,16,16,14,16,17,20,24,19,20,19,19,27,19,19,18,21,19,20,21,21,19,20,27,22,22,21,21,20,23,21,25,27,23,24,21,22,196,37,20,59,47,23,36,118,41,40,15,17,15,15,15,15,15,15,16,15,15,15,15,15,15,15,15,15,15,15,15,15,15,15,15,15,15,15,15,16,16,19,16,16,16,16,16,16,19,18,16,16,16,16,16,16,16,16,16,16,16,16,16,16,16,16,16,16,16,16,16,16,16,16,16,19,16,16,16,16,16,16,16,16,16,16,16,16,16,16,16,16,16,16,16,16,16,16,16,16,16,16,16,16,16,16,16,16,16,16,16,16,16,16,16,16,16,16,16,16,16,16,16,16,16,16,16,16,16,16,16,16,16,16,16,16,16,16,16,16,16,16,16,16,16,17,15,15,15,15,15,15,17,15,15,15,15,15,15,15,15,15,15,15,15,15,15,15,15,15,15,15,15,17,15,15,15,15,15,15,15,15,15,15,15,15,15,15,15,15,15,15,15,15,15,15,15,15,15,15,15,15,15,15,15,15,15,15,15,15,15,15,15,15,15,15,15,15,15,15,15,15,15,15,15,15,15,15,15,15,15,15,15,15,15,15,15,15,15,15,15,15,15,15,15,15,15,15,15,15,15,15,15,15,15,15,15,15,15,15,15,15,15,15,15,15,15,15,15,15,15,15,15,15,15,15,15,15,15,15,15,15,15,15,15,15,15,15,15,15,15,15,15,15,15,15,15,15,15,15,15,15,15,15,15,1,15,15,15,15,15,15,15,15,15,15,17,15,15,15,15,15,16,15,15,15,15,15,15,15,15,15,15,15,15,15,15,15,15,15,15,15,15,15,15,15,15,15,15,15,15,15,15,15,15,15,15,15,15,15,15,15,15,17,15,15,15,15,15,17,15,15,15,15,15,15,15,15,15,15,15,15,15,15,15,15,15,15,15,15,15,15,15,15,15,15,15,15,17,15,15,15,15,15,15,15,15,15,15,15,15,15,15,15,15,15,15,15,15,15,15,15,15,15,15,15,15,15,15,15,15,15,15,15,15,15,15,15,15,15,15,15,15,15,15,15,15,15,15,15,15,15,15,15,15,15,15,15,15,15,15,15,15,15,15,15,15,15,15,15,15,15,15,15,6,15,15,15,15,15,15,15,15,15,15,15,15,15,15,15,15,15,15,15,15,15,15,15,15,15,15,15,15,15,15,15,15,15,15,15,15,15,15,15,15,15,15,15,15,15,15,15,15,15,15,15,15,15,15,15,15,15,15,15,15,15,15,15,15,15,15,15,15,15,17,15,15,15,15,15,15,15,15,15,15,15,15,15,15,15,15,15,15,15,15,15,15,15,15,15,15,15,15,15,15,15,15,15,15,15,15,15,15,15,15,15,15,15,15,15,15,15,15,15,15,15,15,15,15,15,15,15,15,15,17,15,15,15,15,15,15,15,15,15,15,15,15,15,15,15,15,15,15,15,15,15,15,15,15,15,15,15,15,15,15,15,15,15,15,15,15,15,15,15,15,15,15,15,15,15,15,15,15,15,15,15,15,15,15,15,15,15,15,15,15,15,15,15,15,15,15,15,15,15,15,15,15,17,15,15,15,15,15,15,15,15,15,15,15
2,1,1,1,2,1,1,2,4,2,3,2,3,2,4,3,4,3,2,2,2,2,3,4,2,3,3,7,3,4,8,3,2,5,3,7,3,6,4,3,4,4,6,4,4,4,2,4,4,4,5,8,4,6,11,9,4,5,5,6,20,5,5,5,5,7,7,32,56,14,11,10,10,7,9,8,8,37,2,9,56,7,7,7,7,7,8,11,7,9,14,10,8,8,10,8,208,14,18,57,25,29,14,14,41,23,15,11,11,9,12,11,13,15,12,11,13,15,12,11,11,13,11,16,14,14,15,18,16,16,14,21,12,14,23,14,18,18,15,15,15,16,268,30,66,21,22,41,30,32,23,8,22,28,24,20,8,16,5,5,5,8,7,11,6,6,7,14,6,6,5,6,6,6,10,7,12,58,95,8,9,7,8,8,8,13,18,8,12,38,21,8,16,8,9,9,11,9,9,10,9,14,13,13,11,10,10,11,10,10,10,10,10,3,11,11,14,12,16,17,16,14,8,17,15,19,14,16,16,15,15,13,13,15,14,16,17,17,18,15,21,20,25,20,18,18,21,19,25,126,15,45,33,45,19,16,20,135,32,22,19,21,41,355,44,66,93,16,16,16,17,17,17,17,16,16,16,16,16,16,16,16,16,18,16,16,16,16,16,16,16,16,16,16,16,16,16,16,16,16,16,15,16,16,16,9,16,16,16,16,16,16,16,16,16,16,16,16,16,16,16,16,16,16,16,16,16,18,16,16,16,16,16,16,16,16,16,16,16,16,16,16,16,16,16,16,16,16,16,16,16,16,16,16,16,16,16,16,16,16,16,16,16,16,16,16,16,16,16,16,16,16,16,16,16,16,16,16,16,16,12,16,16,16,16,16,16,16,16,24,46,18,16,16,16,16,16,16,16,16,16,16,16,16,16,16,16,16,19,16,16,16,16,16,16,16,16,16,16,16,16,16,16,16,16,16,16,16,16,16,16,16,16,16,16,16,16,16,16,16,16,16,16,16,16,16,16,16,16,16,16,18,16,16,16,16,16,16,16,16,16,16,17,17,41,17,17,17,17,19,19,17,20,17,17,17,17,17,17,17,17,17,17,17,17,17,17,17,17,17,17,17,17,17,17,17,17,17,17,17,17,17,17,17,17,17,17,17,17,17,17,17,17,17,17,17,17,17,17,17,17,17,17,17,17,17,17,17,17,17,17,17,17,45,29,26,25,17,25,26,29,26,20,17,20,17,17,17,17,17,17,17,17,17,17,17,17,17,17,17,17,17,17,56,47,59,78,19,17,22,91,62,21,36,11,74,17,22,17,17,17,17,17,17,17,17,17,17,17,17,17,17,17,12,17,17,17,17,17,17,17,17,17,20,17,17,17,17,17,17,17,17,17,15,17,17,17,17,17,17,17,34,18,144,34,93,75,25,23,21,38,34,39,25,20,19,54,19,18,20,17,17,17,17,17,17,17,17,17,17,17,17,17,17,17,17,17,17,17,17,17,17,17,17,17,17,17,17,17,17,17,17,17,17,17,17,17,17,17,17,17,17,17,17,17,17,17,17,17,17,17,17,17,17,17,17,17,17,17,17,17,17,17,17,17,17,17,17,17,17,17,17,17,17,17,17,17,17,17,17,17,17,17,17,17,17,17,17,17,17,17,17,17,17,17,17,17,17,17,17,17,17,17,17,17,17,17,17,17,17,17,17,17,17,17,17,17,17,17,17,17,17,17,17,17,17,17,17,16,17,17,17,17,17,17,17,17,17,17,17,17,17,17,17,17,17,17,17,17,17,17,17,17,17,17,17,24,16,16,16,16,17,16,16,16,16,16,16,16,16,16,16,16,16,16,16,16,16,16,16,16,16,16,16,16,16,16,16,16,16,16,16,16,16,16,16,16,16,16,16,16,16,16,16,16,16,16,16,16,16,16,16,16,16,16,16,16,16,16,16,16,16,16,16,16,16,16,16,16,16,16,16,16,16,16,16,16,16,16,16,16,16,16,16,16,16,16,16,16,16,16,16,16,16,16,16,16,16,16,16,16,18,16,16,16,16,16,16,16,16,16,16,16,16,16,16,16,16,16,16,16,16,16,16,16,16,16,16,16,16,16,16,16,16,16,16,16,16,16,16,16,16,16,16,16,16,16,16,18,16,16,16,16,16,16,16,16,16,16,16,16,16,16,16,16,16,16,16,16,16,16,16,16,16,16,16,16,16,16,18,16,16,16,16,16,16,16,16,16,16,16,16,16,16,16,16,16,16,16,16
2,2,1,1,1,1,1,2,3,2,2,5,2,2,2,2,4,3,4,2,3,4,6,3,3,49,48,4,2,4,5,3,3,3,3,4,5,3,6,3,3,4,5,8,4,6,4,4,4,5,6,5,5,10,5,5,5,6,6,10,7,8,8,12,6,8,6,13,6,9,7,7,7,7,11,8,9,15,9,140,75,42,28,10,8,4,6,4,4,5,40,12,48,6,9,5,5,6,5,6,6,6,6,8,9,6,6,9,7,8,10,9,7,11,8,7,15,8,10,9,10,8,8,10,8,9,8,10,10,12,10,11,9,11,9,14,13,13,17,11,16,306,33,15,24,25,9,10,17,12,10,11,9,9,9,73,309,20,13,51,11,13,16,10,11,11,11,18,6,15,14,15,13,13,14,13,17,13,16,13,16,12,14,48,62,138,22,19,13,51,25,36,25,31,41,15,24,18,15,19,15,16,18,16,19,16,16,20,16,17,18,17,16,20,18,20,20,20,22,20,19,16,19,22,19,513,35,74,300,20,161,39,58,25,17,42,22,13,11,11,11,11,17,11,10,16,12,12,12,12,14,15,7,14,15,15,14,11,13,13,14,14,14,13,43,50,122,25,18,14,16,14,16,14,17,15,17,15,15,15,15,16,15,18,15,15,42,23,20,20,16,16,16,16,16,16,5,19,16,26,10,17,34,20,18,16,16,16,16,16,16,16,16,16,16,16,16,16,16,16,16,16,17,17,17,16,35,31,16,16,16,16,16,16,16,16,16,16,16,16,16,16,16,16,16,16,16,16,16,16,16,16,16,16,16,16,16,16,16,16,16,16,16,16,16,16,16,16,16,16,16,16,16,16,16,16,16,16,16,16,16,16,16,16,16,16,16,16,16,16,16,16,18,16,16,16,16,16,16,16,16,16,16,16,16,16,14,16,16,16,16,16,16,16,16,16,16,16,16,16,16,16,16,16,16,16,16,16,16,16,16,16,16,16,16,16,17,25,17,17,17,17,17,17,17,16,17,17,17,17,17,17,17,17,17,17,17,17,17,17,17,17,19,17,26,29,17,30,17,17,17,17,17,17,17,17,17,17,17,17,17,17,17,17,17,17,17,17,17,17,17,17,17,17,17,17,17,17,17,17,17,17,17,17,20,17,17,17,20,17,17,17,17,17,17,17,17,17,17,17,17,17,17,17,17,17,17,17,17,17,17,17,17,17,14,17,17,17,17,17,17,17,17,17,17,17,17,17,17,20,17,17,17,17,17,17,17,17,17,17,17,20,16,16,16,16,16,16,16,16,16,16,16,16,16,16,16,16,16,16,16,16,16,14,16,16,16,98,18,15,15,15,15,15,15,15,15,15,15,15,15,15,15,15,15,15,15,15,15,15,15,15,15,15,15,15,15,15,15,15,15,15,15,15,15,15,15,15,15,15,15,15,15,15,15,15,15,15,15,15,15,15,15,259,35,22,15,17,15,15,15,15,15,15,15,15,15,15,15,15,18,15,15,15,15,15,15,15,15,15,15,15,15,15,15,15,15,15,15,15,15,15,18,15,15,17,15,15,15,15,15,15,15,15,15,15,15,15,15,15,15,15,15,17,15,15,15,15,15,15,15,15,15,15,15,15,18,14,15,15,15,15,15,15,15,15,15,15,15,15,15,15,15,15,15,15,15,15,15,15,15,15,15,15,15,15,15,15,15,15,15,15,15,15,15,15,15,15,15,15,15,15,15,15,15,15,15,15,15,15,15,15,15,15,15,15,15,15,15,15,15,15,15,15,15,15,15,15,15,15,15,15,15,15,15,15,15,15,15,15,15,15,15,15,15,15,15,15,15,15,15,15,15,15,15,15,15,15,15,15,15,15,15,15,15,15,15,15,15,15,15,15,15,15,15,15,15,15,15,15,15,15,15,15,15,15,15,15,15,15,15,15,15,15,15,15,15,15,15,15,15,15,15,15,15,15,15,15,15,15,15,15,15,15,15,15,15,15,15,15,15,15,15,15,15,15,15,15,15,15,15,15,15,15,15,15,15,15,15,15,15,15,15,15,15,15,15,15,15,15,15,17,15,15,15,15,15,15,15,18,15,15,15,15,15,15,15,15,15,15,15,15,15,15,15,15,15,15,15,15,15,15,15,15,15,15,15,15,15,15,15,15,15,15,15,15,15,15,15,15,15,15,15,15,15,15,15,15,15,15,15,15,15,15,15,18,15,15,15,15,15,15,15,15,15,15,15,15,15,15,15,15,15,15,15,15,15,15,15,15
1,1,3,2,1,2,2,1,2,2,2,2,2,2,2,3,3,3,2,2,6,2,5,2,3,4,3,6,4,5,9,10,5,5,7,8,6,9,6,7,6,6,10,11,7,5,7,9,2,6,3,3,3,3,6,3,3,3,5,6,6,5,5,7,5,5,11,6,6,6,6,5,2,8,17,68,8,6,8,6,7,6,6,6,12,123,5,5,7,6,6,7,7,16,11,6,11,7,9,8,10,7,87,11,9,7,7,9,7,9,10,10,8,8,126,9,25,11,10,8,9,10,53,30,7,7,9,180,14,11,8,8,9,9,9,12,9,10,14,10,11,10,11,10,10,10,13,13,14,95,33,20,12,15,13,49,15,19,24,20,24,18,18,59,6,10,10,15,11,10,10,11,70,42,29,14,124,24,51,15,13,13,15,15,13,13,13,13,17,14,19,22,17,15,21,19,16,16,17,19,235,25,20,66,61,56,57,38,36,37,21,33,18,17,17,17,19,17,17,18,18,18,21,21,18,18,68,23,32,35,49,22,20,23,21,20,21,45,28,34,26,24,22,20,26,22,23,7,24,23,111,21,144,36,35,27,47,37,29,24,69,44,45,36,26,29,26,16,15,12,18,16,23,15,15,13,14,14,14,14,15,14,14,16,16,15,17,14,18,16,112,129,40,15,26,20,16,15,15,15,15,15,15,30,63,26,3,16,16,16,16,18,17,17,17,17,17,17,17,40,16,16,16,16,16,16,16,16,16,16,18,16,16,16,16,16,16,16,16,16,18,16,16,16,16,16,16,16,16,16,16,16,16,27,21,21,16,18,16,16,16,16,16,16,16,16,16,16,16,16,16,16,16,16,24,16,16,16,16,18,16,16,16,16,16,16,16,16,16,16,16,16,16,16,16,16,16,16,16,16,16,16,16,16,16,16,16,16,16,16,16,2,16,16,16,16,16,17,17,17,17,17,17,17,17,17,17,17,17,17,17,17,17,17,19,17,17,17,17,17,17,17,17,17,17,17,24,16,16,16,16,16,16,23,17,15,15,15,15,15,15,15,15,15,15,15,15,15,15,15,15,15,15,15,15,15,15,15,15,15,15,15,15,15,15,17,15,15,15,15,15,15,15,15,15,15,15,15,15,15,15,15,15,15,15,15,15,15,15,15,15,15,17,18,15,15,15,15,15,15,15,15,15,15,15,15,15,15,15,15,15,15,15,15,15,15,15,15,15,15,15,15,15,15,15,15,15,15,15,15,15,15,15,15,15,15,28,20,18,18,36,16,16,16,16,16,16,71,29,20,20,20,20,20,20,20,20,20,20,80,35,38,24,23,39,30,24,31,20,20,20,20,20,20,20,20,20,20,20,20,20,20,20,20,20,20,20,20,20,20,20,20,20,20,20,20,20,20,20,20,20,20,20,20,20,20,22,20,20,20,20,20,20,20,20,20,20,20,20,20,20,20,20,20,20,20,20,20,20,20,20,20,20,20,20,20,20,20,20,20,20,20,20,20,20,22,20,20,20,20,20,22,20,20,20,20,20,20,20,20,20,20,20,20,20,20,20,20,20,20,20,22,20,20,20,20,20,20,18,20,20,22,20,20,20,20,20,20,20,20,20,20,20,20,20,20,20,20,20,4,20,20,20,20,20,20,20,20,20,20,20,20,20,20,20,20,20,20,20,20,20,20,20,20,20,20,20,20,20,20,20,20,20,20,20,20,20,20,20,20,20,20,20,20,20,20,20,20,20,20,20,20,20,20,20,20,20,20,19,20,20,20,20,20,20,20,20,20,20,20,20,20,20,20,20,20,20,22,20,20,20,20,20,20,20,20,20,20,20,20,20,20,20,20,20,20,20,20,20,20,20,20,20,20,20,20,20,20,20,20,20,20,20,20,20,20,20,20,20,20,20,20,20,20,20,20,20,20,20,20,20,20,20,20,20,20,20,20,20,20,20,20,20,20,20,20,20,20,20,20,20,20,20,20,20,20,20,20,20,20,20,20,20,20,20,20,20,20,20,20,20,20,20,20,20,20,20,20,20,20,22,20,20,20,20,20,20,20,20,20,20,20,20,20,20,20,20,20,20,20,20,20,20,20,20,20,20,20,20,20,20,20,20,20,20,20,20,22,20,20,20,20,20,20,20,20,20,20,20,20,20,20,20,20,20,20,20,20,20,20,20,20,20,20,20,20,20,20,20,20,20,20,20,20,20,20,20,20,20,20,20,20,20,20,20,20,20,20,20,20,20,20,20,20,20,20,20,20,20,20
1,2,1,1,1,2,2,2,1,4,4,3,2,2,3,6,4,2,2,2,3,2,2,4,4,2,6,3,2,5,4,3,4,6,4,3,3,8,4,14,7,161,4,4,3,5,6,6,6,4,4,4,5,6,70,4,5,6,5,6,6,6,5,5,5,5,5,5,11,9,6,6,9,7,6,12,7,109,7,36,7,10,7,7,13,11,8,8,8,8,8,9,11,14,9,7,10,9,14,14,12,6,13,13,11,11,17,11,15,11,15,11,13,12,11,17,10,12,15,15,13,14,16,16,20,14,20,15,16,15,13,13,18,16,310,45,46,159,13,13,32,5,5,5,6,8,12,10,6,6,6,6,6,48,42,18,10,9,8,32,7,8,12,10,7,8,8,8,10,8,11,9,9,9,11,9,9,13,9,12,13,10,15,12,10,10,12,12,14,10,10,16,12,131,14,21,6,15,11,15,12,13,12,14,12,14,12,13,13,16,13,184,39,63,29,30,33,24,31,19,19,19,20,17,15,20,15,16,17,15,15,15,15,15,15,15,15,15,15,15,15,20,32,18,35,18,18,18,28,16,16,16,16,16,16,16,16,16,16,16,16,16,16,16,16,16,16,16,16,40,15,15,15,15,15,15,15,15,15,15,15,15,15,15,15,15,15,15,15,15,15,15,15,15,15,15,15,15,25,28,19,15,15,15,15,15,15,15,15,10,17,15,15,15,15,15,15,15,15,15,15,15,15,15,15,15,15,15,15,15,15,15,15,15,15,15,15,15,15,15,15,15,15,15,15,15,15,15,15,15,15,15,15,15,15,15,15,15,15,15,15,15,17,15,15,15,15,15,15,15,15,15,15,15,15,15,15,15,15,15,15,15,15,15,15,15,15,15,15,15,15,15,15,15,15,15,15,15,15,15,15,15,15,15,15,15,15,15,15,15,15,15,15,15,15,15,15,15,15,15,15,15,15,15,15,15,15,15,15,15,90,39,23,20,40,14,16,18,14,17,18,16,15,17,16,19,21,20,18,18,18,16,16,19,17,165,60,62,314,33,246,60,25,51,15,65,15,15,15,15,15,15,15,15,15,15,15,17,15,15,15,15,15,15,15,15,15,15,15,15,15,15,15,15,15,15,15,15,15,15,15,15,15,15,15,15,15,15,15,15,15,17,15,15,15,15,15,15,15,15,15,15,15,15,15,15,15,15,15,17,15,15,15,15,15,15,15,15,15,15,15,15,15,15,15,15,15,15,15,15,15,15,15,15,15,15,15,15,15,15,15,15,15,15,15,15,15,15,15,15,15,15,15,15,15,15,15,15,15,15,15,15,15,15,15,15,15,15,15,15,15,15,15,15,15,15,15,15,15,15,15,15,15,15,15,15,15,15,15,15,15,15,15,15,15,15,15,15,15,15,15,15,15,15,15,15,15,15,15,15,15,15,15,15,15,16,15,15,15,15,15,16,16,16,16,16,16,16,16,16,16,16,16,16,16,16,16,16,16,16,16,16,16,16,16,16,16,16,16,16,16,16,16,16,16,16,16,16,16,16,16,16,16,16,16,16,16,16,16,16,16,16,16,17,21,17,17,17,17,17,17,17,17,17,17,59,35,29,18,17,17,17,17,17,17,17,17,17,17,17,17,17,17,17,17,17,17,17,17,17,17,17,17,17,17,19,17,17,17,17,17,17,17,17,19,17,17,17,17,17,17,17,17,17,17,17,17,17,17,17,17,17,17,17,17,17,17,17,17,17,17,17,17,17,17,17,17,17,17,17,17,17,17,17,17,17,17,17,17,17,17,17,17,17,17,17,17,17,17,27,48,16,26,16,16,16,16,16,16,16,16,16,16,16,16,16,16,16,16,16,16,16,16,16,16,16,16,16,16,16,16,16,16,16,16,16,16,16,16,16,16,16,16,16,16,16,16,16,16,16,16,16,16,16,16,16,16,16,16,16,16,16,16,16,16,16,16,16,16,16,16,16,16,16,16,16,16,16,16,16,16,16,16,16,16,16,16,16,16,16,16,16,16,16,16,16,16,16,16,16,16,16,16,16,16,16,16,16,16,16,16,16,16,16,16,16,16,16,16,16,16,16,16,16,16,16,16,16,16,16,16,16,16,16,16,16,16,16,16,16,16,16,16,16,16,16,16,16,16,16,16,16,16,16,16,16,16,16,16,16,16,16,16,16,16,16,16,16,16,16,16,16,16,16,16,16,16,16,16,16,16,20,16,16,16,16,16,16,16,16,16,16,16,16,16,16,16,16,16,16
1,1,1,3,1,2,1,4,1,2,2,2,2,3,2,2,3,2,4,2,4,2,2,5,2,5,2,3,3,3,6,1,2,6,3,3,3,4,3,5,5,5,10,4,4,7,6,7,5,6,7,5,58,70,6,6,4,4,7,4,4,5,5,10,88,14,15,5,5,5,6,5,5,5,11,6,6,6,7,6,6,6,41,18,7,8,7,7,6,8,10,7,10,10,4,7,7,7,8,7,7,8,11,8,13,7,10,8,8,9,14,11,10,13,12,16,14,16,14,10,15,9,11,117,13,12,48,14,6,7,7,6,9,10,9,8,8,10,18,13,13,15,9,151,25,9,9,12,15,15,14,26,15,9,9,9,10,10,12,10,10,10,12,11,11,12,10,11,11,13,12,17,15,13,12,12,66,12,40,12,14,12,12,12,5,16,13,15,15,15,16,14,15,14,17,146,28,16,24,139,17,29,16,14,12,14,15,18,13,15,13,17,20,14,17,16,193,19,24,17,23,16,34,32,29,13,17,17,14,20,14,17,18,15,15,19,16,19,16,15,17,15,15,15,15,15,15,15,15,15,15,15,15,15,15,15,15,15,15,15,15,15,15,15,15,15,15,15,15,15,15,15,15,16,15,15,16,19,16,19,16,17,19,16,16,16,16,16,16,16,16,16,16,16,16,16,16,16,16,16,16,16,16,16,16,16,16,16,16,16,16,16,16,16,16,16,16,16,16,16,16,16,16,16,16,16,16,16,16,16,16,16,16,16,16,16,16,16,16,16,16,16,16,16,16,42,16,168,22,22,17,16,16,16,16,16,16,16,16,16,19,16,16,16,16,16,16,16,16,16,16,16,18,16,16,16,16,16,16,16,16,16,16,16,16,16,16,16,16,16,41,15,15,15,15,15,15,15,15,15,225,36,41,97,34,32,36,42,21,19,17,16,15,18,16,18,17,16,19,17,20,63,34,20,33,19,21,17,18,17,17,20,18,18,18,18,18,18,20,133,83,20,71,36,29,33,42,29,31,82,47,38,35,37,25,33,26,27,24,22,29,22,20,22,20,20,20,20,20,20,20,20,20,20,20,20,20,20,20,20,20,20,20,20,20,20,20,20,20,20,20,20,20,20,20,20,20,20,20,20,20,20,20,20,20,20,20,20,20,20,20,20,20,20,20,20,20,20,20,20,20,20,20,20,20,20,20,20,20,20,20,20,20,20,20,20,20,20,20,22,20,20,20,20,20,20,20,20,20,20,20,20,20,20,22,20,20,20,20,20,20,20,20,20,20,20,20,20,20,20,20,20,20,20,20,20,20,20,20,20,20,20,20,20,20,20,20,20,20,19,24,20,20,20,22,20,20,20,20,20,20,20,48,26,30,28,22,27,22,20,20,20,20,20,20,20,20,20,20,20,20,20,20,20,20,20,20,20,20,20,20,20,20,20,20,20,20,20,20,20,20,20,20,20,20,20,20,20,20,20,20,20,20,20,20,20,20,20,20,20,20,20,20,20,20,20,20,20,20,20,20,20,20,20,20,20,20,20,20,20,20,20,20,20,20,20,20,20,20,20,20,20,20,20,20,20,20,20,20,20,20,20,20,20,20,20,20,20,20,20,20,20,20,20,20,20,20,20,20,20,20,20,20,20,20,20,20,20,20,20,20,20,20,20,20,20,20,20,20,20,20,20,20,20,20,20,20,20,20,22,20,20,20,20,20,20,20,20,20,29,32,28,26,20,20,52,20,20,20,20,20,20,20,20,20,20,20,20,20,2,20,20,20,20,20,20,20,20,20,20,20,20,20,20,20,20,20,20,20,20,20,20,20,20,20,20,20,20,20,20,20,20,20,20,20,20,20,20,20,20,20,20,20,20,20,20,20,22,20,20,11,20,20,20,20,20,20,20,20,20,20,20,20,20,20,20,20,20,20,20,20,20,20,20,20,20,20,20,20,20,20,20,20,20,20,22,20,20,20,20,20,107,37,22,36,44,44,22,29,61,64,31,38,111,24,26,28,50,20,29,26,20,20,20,20,20,20,20,20,20,20,20,20,20,20,20,20,20,20,20,20,20,20,20,20,20,20,20,20,22,20,20,20,20,20,20,20,20,20,20,20,20,20,20,20,20,20,20,20,20,20,20,20,20,20,20,20,20,20,20,20,20,20,20,20,20,20,20,20,20,20,20,20,20,20,20,20,20,20,20,20,20,20,20,20,20,20,20,20,20,20,20,20,20,20,20,20,20,20,20,20,20,20,20,20,20,20,20,20,20
1,1,1,1,1,2,2,3,2,2,3,4,2,3,1,2,2,2,2,2,2,6,3,2,2,2,3,3,3,5,3,3,4,4,2,3,3,5,3,7,3,6,1,4,4,4,5,4,5,10,59,5,5,6,4,6,7,4,4,5,81,28,30,4,4,9,20,27,5,13,5,7,15,5,5,6,5,5,12,6,6,6,9,6,8,6,6,6,6,11,11,7,10,8,7,10,10,8,10,10,8,6,8,8,8,9,9,13,11,11,11,17,8,10,9,12,9,13,12,10,12,11,10,13,10,16,15,12,14,10,32,39,44,120,19,28,72,23,19,17,5,7,5,6,7,8,6,8,7,6,12,15,79,6,8,30,12,10,20,10,8,37,1,10,9,19,7,9,13,9,9,10,9,10,14,10,13,9,276,2,201,25,46,18,23,28,10,59,104,13,229,19,100,67,44,57,36,17,21,21,17,17,15,17,15,18,18,16,137,18,15,17,16,42,14,201,52,19,23,179,125,32,49,25,50,14,18,12,10,37,65,12,2,13,11,12,11,11,11,11,19,16,12,14,12,15,13,9,13,18,15,7,14,13,16,13,14,15,16,15,14,15,18,15,15,17,15,14,18,18,15,15,15,15,14,19,17,15,15,15,17,14,15,15,15,15,15,15,15,15,15,15,15,15,15,15,15,15,15,15,15,15,15,15,144,28,23,16,16,16,16,16,16,16,16,16,16,16,25,15,15,15,15,15,15,15,15,15,15,15,15,15,15,15,15,15,15,15,15,15,15,15,15,15,15,15,15,15,15,17,15,15,15,15,15,15,15,15,15,15,15,15,15,15,15,15,15,15,15,15,15,15,15,15,15,15,15,15,15,15,15,15,15,15,15,15,15,15,15,15,15,15,15,15,15,15,15,15,15,15,15,15,15,15,15,15,15,15,15,15,15,15,15,15,15,15,15,15,15,15,15,15,18,15,15,15,15,15,15,15,15,15,15,15,15,15,15,15,15,15,15,15,15,15,15,15,15,15,15,15,15,15,15,15,15,15,15,15,15,15,15,15,15,15,14,15,15,15,15,15,15,15,15,130,17,15,15,15,15,15,5,15,15,15,15,15,15,15,15,15,15,15,15,15,15,15,15,15,15,15,15,15,15,15,15,15,15,15,15,15,15,15,15,15,15,15,15,15,15,15,15,15,15,15,15,15,14,15,15,15,15,15,15,15,15,15,15,15,15,15,15,15,15,15,15,15,15,15,15,15,15,15,15,15,15,15,15,15,15,15,15,15,15,15,15,15,15,15,15,15,15,15,15,15,15,15,15,15,15,15,15,15,15,15,15,15,15,15,15,15,15,15,15,15,15,15,15,15,15,15,15,15,15,15,15,15,15,15,15,15,15,15,15,15,15,15,15,15,13,15,15,15,15,15,15,15,62,16,18,16,16,16,16,16,16,16,16,16,16,16,16,16,16,16,16,16,16,16,16,16,16,16,16,16,16,16,16,16,16,16,16,16,16,16,16,16,16,16,16,16,16,16,12,16,16,16,16,16,16,16,16,16,16,16,16,16,16,16,16,16,16,16,16,16,16,16,19,16,16,16,16,16,16,16,16,16,16,16,16,16,16,16,16,16,16,16,16,16,16,16,16,16,16,16,16,16,16,16,16,16,16,16,16,16,18,16,16,16,16,16,16,16,16,16,16,16,16,16,16,16,16,16,16,16,16,16,16,16,16,16,16,16,16,16,16,16,16,16,16,16,16,37,65,17,16,16,16,16,24,25,17,17,17,17,17,17,17,17,17,17,17,15,17,17,17,20,17,17,17,17,17,17,17,17,19,17,17,17,17,17,17,17,17,17,17,17,17,17,17,17,17,17,17,17,17,17,17,17,17,17,17,17,17,17,17,17,17,17,17,17,17,17,17,17,17,17,17,17,17,17,17,17,17,17,17,17,43,16,16,16,16,16,16,16,16,16,16,16,16,16,16,16,16,16,16,16,16,16,16,16,16,16,16,16,16,16,16,16,16,16,16,16,16,16,16,16,16,16,16,16,16,16,24,16,16,16,16,16,16,16,16,16,16,16,16,16,16,16,16,16,16,16,16,16,16,16,16,16,16,16,16,16,16,16,16,16,16,16,16,16,16,16,16,16,16,16,16,16,16,16,16,16,16,16,16,16,16,16,16,16,16,16,16,16,16,16,16,16,16,16,16,16,16,16,16,16,16,16,16,16,16,16,16,16,13,16,16,16,16,16,16,16,16,16,16,16,16,16,16,16
1,2,2,1,1,2,1,1,2,2,9,2,2,3,2,2,3,2,2,3,2,4,3,4,3,3,3,3,4,7,5,3,3,5,3,3,6,7,5,7,94,3,4,25,6,5,5,8,7,7,5,6,7,6,6,3,6,83,14,4,3,4,4,6,5,3,29,18,8,7,5,6,10,6,8,6,6,8,6,10,7,6,9,10,8,7,7,8,5,7,14,9,10,11,8,12,8,9,13,8,9,8,14,10,9,13,9,11,10,13,13,13,14,15,17,10,10,11,13,313,5,4,7,5,6,2,9,9,11,8,7,7,11,29,7,11,7,7,10,10,7,82,31,7,11,16,11,8,10,8,7,9,8,8,10,14,171,19,11,13,10,20,14,15,13,14,11,14,12,11,1,11,12,11,11,11,11,11,13,13,13,352,19,23,17,30,19,13,40,27,13,13,14,13,10,13,13,18,14,21,14,15,24,18,12,74,21,16,16,14,16,15,15,15,15,29,127,36,23,15,27,67,41,63,42,36,39,23,18,27,20,19,17,19,18,18,20,18,21,20,24,18,18,18,19,19,21,13,18,22,24,310,56,36,22,32,23,30,32,33,35,37,31,28,26,29,46,33,40,20,27,20,20,27,41,23,21,21,24,21,7,26,23,21,21,21,21,21,21,21,21,21,21,21,21,21,21,15,21,21,21,21,21,21,21,21,24,22,22,22,22,22,22,22,22,22,22,22,22,25,22,22,22,22,22,22,22,22,22,22,22,22,22,22,22,22,22,22,22,22,22,22,22,22,22,22,22,45,21,21,21,21,21,21,21,21,21,21,21,21,21,21,21,21,21,21,21,21,21,21,21,21,21,21,21,21,21,21,21,21,21,21,21,21,21,21,21,21,21,21,21,21,21,21,21,21,21,21,21,21,21,21,21,22,22,22,27,31,25,22,22,22,22,22,22,22,22,22,22,22,22,22,22,22,22,22,22,22,22,22,22,22,22,22,22,22,22,22,22,22,22,22,22,22,22,22,22,27,21,21,21,21,21,21,21,21,21,21,21,21,21,21,21,21,21,21,21,21,21,21,21,21,21,21,21,21,21,21,21,21,21,21,21,21,21,21,21,21,21,21,21,21,21,21,21,21,21,21,21,21,21,21,21,21,23,21,23,21,21,21,21,21,21,21,21,21,21,24,21,21,21,21,21,20,21,21,21,21,21,21,21,21,21,21,21,128,43,21,36,18,36,27,13,19,49,77,19,16,13,15,17,13,14,13,14,14,17,30,17,16,16,16,16,19,16,16,16,16,16,16,16,16,16,16,16,22,17,16,16,16,16,14,19,16,16,16,16,16,16,16,16,16,16,16,16,16,16,16,16,16,16,16,16,16,16,16,16,48,20,16,16,16,16,16,16,16,16,16,16,16,16,16,16,16,16,16,16,16,16,16,16,16,16,16,16,16,16,16,16,16,16,16,16,16,16,16,16,16,16,16,16,16,16,16,16,16,16,16,16,16,16,16,16,16,16,16,16,16,16,16,16,16,16,16,16,16,16,16,16,19,16,16,16,16,16,16,16,16,16,99,22,47,17,21,17,17,17,17,17,17,17,17,17,17,17,17,17,17,17,17,17,17,17,17,17,17,17,17,17,17,17,17,17,17,17,17,17,17,17,17,17,17,17,17,17,17,17,17,17,17,17,17,17,17,17,17,17,17,17,17,17,17,17,19,15,17,17,17,17,17,17,17,17,17,17,17,17,17,17,17,17,17,17,17,17,17,17,17,17,17,17,17,17,17,17,17,17,17,17,17,17,17,17,17,17,17,17,17,17,17,17,17,17,17,17,17,17,17,17,17,17,17,17,17,17,17,17,17,17,17,17,17,17,17,17,17,17,17,17,17,17,17,17,17,17,17,17,17,17,17,17,89,20,16,16,16,16,16,16,16,16,16,16,16,16,16,16,16,16,16,16,16,16,16,16,16,16,16,16,16,16,19,16,16,16,16,16,16,16,16,16,16,16,16,16,16,16,16,16,16,16,16,16,16,16,16,16,16,16,16,16,16,16,16,16,16,16,16,16,16,16,16,16,16,16,16,16,16,16,16,16,16,16,16,16,16,16,16,16,16,16,16,16,16,16,16,16,16,16,16,16,16,16,16,16,16,16,16,16,16,16,16,16,16,16,16,16,16,16,16,16,16,16,16,16,16,16,16,16,16,16,16,16,16,16,16,16,16,16,16,16,16,16,16,16,16,16,16,16,16,16,16,16,16,16,16,16,16,16,16
1,1,2,1,3,1,2,2,4,4,2,2,2,2,2,2,2,6,2,2,3,2,3,2,3,2,3,3,3,7,5,21,65,4,3,3,3,3,5,4,6,5,5,2,12,47,84,6,6,5,5,5,5,5,5,35,33,8,4,4,5,5,17,5,5,4,6,7,5,7,5,5,5,9,9,10,8,7,6,6,7,7,7,11,9,9,7,9,10,9,12,8,9,11,13,10,11,13,11,9,12,9,12,7,11,46,275,29,20,23,5,7,7,6,6,6,6,8,8,8,6,10,6,10,7,8,10,8,11,9,8,14,9,9,13,93,51,33,11,33,23,11,14,8,9,9,9,9,9,9,13,11,30,15,21,13,12,10,11,10,11,10,10,10,12,13,11,13,13,18,15,12,119,13,97,49,23,28,15,14,12,37,15,15,13,13,14,14,14,14,14,14,14,14,15,26,17,13,19,14,15,16,18,145,54,20,20,58,38,20,28,11,21,23,19,24,18,22,18,20,16,17,17,4,18,19,20,21,20,18,22,18,20,25,18,22,20,19,19,22,21,20,21,23,23,20,22,22,27,20,20,20,20,22,20,20,20,20,21,20,20,20,20,20,20,20,20,20,20,20,20,20,20,20,20,20,20,20,20,20,20,20,20,20,20,20,20,20,20,20,20,20,20,20,20,20,20,20,20,20,20,20,20,20,20,20,20,20,20,20,20,20,20,20,20,20,20,20,23,22,23,21,21,24,21,24,21,21,23,20,183,33,22,22,20,20,20,20,20,20,20,26,23,22,22,22,22,23,11,21,11,11,11,13,13,11,11,11,11,12,12,13,17,12,14,15,16,13,13,13,13,13,13,17,14,13,13,13,13,23,21,59,23,16,18,15,15,15,15,15,17,15,15,15,15,15,16,16,16,16,16,16,16,16,16,16,16,16,16,16,16,16,15,15,15,15,15,15,15,15,17,15,15,15,15,15,15,15,15,15,15,15,15,15,15,15,15,15,16,63,27,18,20,16,16,18,16,16,16,16,17,19,17,17,17,17,17,17,17,17,17,17,17,17,17,17,17,17,17,21,17,17,17,17,17,17,17,18,18,18,18,18,18,17,63,26,23,17,17,17,17,17,17,17,17,17,17,17,17,17,17,17,17,17,17,17,17,17,17,17,17,17,17,17,18,22,18,18,18,18,18,18,18,18,18,18,18,18,18,20,18,18,18,18,18,18,18,18,18,18,18,18,18,18,18,21,18,18,18,18,18,21,17,17,17,17,17,17,17,17,17,17,17,17,17,17,17,17,19,17,20,17,17,17,17,17,17,20,17,17,17,17,17,17,17,17,17,17,17,17,17,17,17,17,17,17,17,19,17,17,17,17,17,17,17,17,17,17,17,17,17,17,17,17,17,17,17,17,17,17,17,17,17,17,17,17,17,17,17,17,17,17,17,17,17,17,17,17,17,17,17,17,17,17,17,17,17,17,17,17,17,17,17,17,17,17,17,17,17,17,17,17,17,17,14,17,17,17,17,17,17,17,17,17,17,17,17,17,17,17,17,17,17,17,17,17,17,17,17,17,17,17,17,17,17,17,17,17,17,17,17,17,17,17,17,17,17,17,17,17,19,17,17,17,17,17,17,17,17,17,17,17,17,17,17,17,17,17,17,17,17,17,17,17,17,17,17,17,17,17,17,17,17,17,17,17,17,17,17,17,17,17,17,17,17,17,17,17,17,17,17,17,17,17,17,17,17,17,17,17,17,17,17,17,17,17,17,17,17,17,17,17,17,17,17,17,17,17,17,17,17,17,17,20,17,17,17,17,17,17,17,19,17,17,17,17,17,17,17,17,17,17,17,17,17,17,17,17,17,17,17,17,17,17,17,17,17,17,17,17,17,17,17,17,17,17,17,17,17,17,17,17,17,17,17,17,17,17,22,20,17,17,17,17,17,17,17,17,17,17,17,17,17,17,17,17,17,17,16,17,17,17,17,17,17,17,17,17,17,19,17,17,17,17,17,17,17,99,30,25,24,26,13,35,20,24,19,23,26,21,21,62,59,57,32,47,45,37,32,39,83,160,24,19,17,17,17,17,17,17,17,17,17,17,17,17,17,17,17,17,17,17,17,17,17,17,17,17,17,17,17,17,17,17,17,17,17,17,17,17,17,17,17,17,17,17,17,17,17,17,17,17,17,17,17,17,17,17,17,17,17,17,17,17,17,17,17,17,17,17,17,17,17,17,17,17,17,17,17,17,17,17,17,17,17,17,17,17,17,17
1,1,2,1,2,1,1,2,2,3,3,2,3,2,3,4,2,2,2,2,2,2,2,3,1,2,2,9,3,4,3,2,5,3,3,3,4,3,4,3,3,8,4,6,6,7,5,6,4,6,6,7,9,4,5,5,3,10,5,143,13,9,5,7,6,8,6,8,6,6,6,7,6,7,11,10,22,19,32,10,10,8,10,9,8,87,16,9,10,9,9,8,10,9,24,11,11,9,9,11,12,10,13,9,10,2,11,57,81,10,5,5,7,5,5,5,5,7,7,6,8,6,6,10,8,7,6,7,10,7,7,9,6,12,7,9,10,7,7,8,11,8,8,9,10,6,47,56,12,11,33,15,9,9,10,32,34,60,3,47,18,32,14,29,27,109,30,30,23,13,11,12,17,34,16,16,27,12,14,11,16,12,11,15,13,10,13,12,14,11,12,12,13,13,17,18,15,13,13,12,13,14,13,14,16,19,14,14,18,15,16,14,15,19,18,18,15,15,16,16,16,24,16,24,22,24,20,24,18,20,18,18,19,18,20,18,23,23,241,74,21,85,28,86,45,22,12,14,12,14,14,22,176,42,36,13,13,16,85,15,13,115,55,15,13,13,13,14,17,15,14,16,15,16,16,18,15,17,17,15,15,16,15,15,15,16,15,15,15,15,15,15,16,15,19,18,18,13,16,19,16,17,16,16,16,16,16,15,16,16,16,16,38,15,96,15,15,15,15,15,15,15,15,15,15,15,15,15,15,15,16,16,16,16,16,18,16,16,16,16,16,16,16,16,16,16,16,16,16,16,16,16,16,16,16,16,16,16,16,16,16,16,16,16,16,16,16,16,16,16,16,16,16,16,16,16,16,16,16,16,16,16,16,16,16,16,16,16,16,16,16,16,16,16,16,16,16,16,16,16,18,16,16,16,16,16,16,16,16,16,16,16,16,16,16,16,16,16,16,16,16,16,16,16,16,16,16,16,16,16,16,16,16,16,16,16,16,16,16,16,16,16,16,16,16,16,15,16,16,16,16,16,16,16,16,16,16,16,16,16,16,16,16,16,16,16,16,16,16,14,16,12,16,16,16,16,16,16,19,16,16,16,16,16,16,16,16,16,16,16,16,16,16,16,14,16,16,16,16,16,16,16,16,16,16,16,18,16,16,16,16,90,61,23,16,54,27,58,40,31,34,39,18,63,23,32,16,16,16,16,16,16,16,16,16,16,16,16,16,16,16,16,16,16,16,16,16,16,16,16,16,16,16,16,16,16,16,16,16,16,16,16,16,16,16,16,16,16,16,16,16,16,16,16,16,16,16,16,16,19,16,16,16,16,16,16,16,16,16,16,16,18,16,16,16,16,16,16,16,16,16,16,16,16,16,16,16,16,16,16,16,16,16,16,16,16,16,16,16,16,16,16,16,16,16,16,16,16,36,52,63,15,70,357,64,43,32,51,44,59,29,11,32,25,28,25,22,22,22,24,24,22,22,22,22,70,26,24,22,22,22,22,22,22,22,22,22,22,22,22,22,22,22,22,22,22,22,22,22,22,22,22,22,22,7,22,22,22,22,22,22,22,22,22,22,22,22,22,22,22,22,22,22,22,22,22,22,22,22,22,22,22,22,22,22,22,22,22,22,22,22,22,22,22,22,22,22,22,22,22,22,22,22,22,22,22,22,22,22,22,22,22,22,22,22,22,22,22,22,22,22,22,22,22,22,22,22,22,22,22,22,22,22,22,22,22,22,22,22,22,22,22,22,22,22,22,22,22,22,22,22,22,22,22,22,22,22,22,22,22,22,22,22,22,22,22,22,22,22,22,22,22,22,22,22,22,22,22,22,22,22,22,22,22,22,22,22,22,22,22,24,22,22,22,22,22,22,22,22,22,22,22,22,22,22,24,22,22,22,22,22,22,22,22,22,22,22,22,22,22,22,22,22,22,22,25,22,22,22,22,22,22,22,22,22,22,22,22,22,22,22,22,22,22,22,22,22,22,22,22,22,22,22,22,22,22,22,22,22,22,22,22,22,22,22,22,22,22,22,22,22,22,21,22,22,22,22,22,22,22,22,21,21,21,21,21,21,21,21,21,21,21,21,28,20,21,21,64,20,20,20,20,13,20,20,20,20,20,20,20,20,20,20,20,20,20,20,20,20,20,20,20,20,20,20,20,20,20,20,20,20,20,20,20,20,20,20,20,20,20,20,20,20,20,20,20,20,20,20,20,20,20,20,20,20,20,20,20,20,20,20,20,20,20,20,20,20,20,20,20
1,1,3,1,2,1,1,2,3,3,2,2,2,2,4,2,3,2,2,4,2,3,3,6,2,2,2,3,3,3,3,2,2,2,3,3,3,3,3,3,3,9,5,3,4,3,3,5,4,4,7,4,4,5,11,10,5,5,7,6,5,5,5,5,8,5,5,8,7,7,8,11,8,147,15,6,8,8,5,7,5,5,7,8,5,10,7,5,6,9,7,9,11,11,59,14,6,31,31,18,8,8,10,9,13,71,8,76,34,9,19,8,6,9,6,9,6,7,6,9,11,5,8,31,19,44,8,11,9,8,9,11,8,12,8,10,8,9,8,12,13,9,9,12,11,14,11,298,19,48,13,33,21,14,12,9,9,12,11,11,10,10,9,12,8,17,11,13,11,12,11,11,12,10,12,11,11,18,14,11,15,16,14,12,14,13,14,13,13,13,13,17,16,13,15,14,14,15,17,17,15,16,17,18,17,15,12,17,15,186,46,95,54,37,34,30,32,24,19,19,23,12,26,11,14,16,11,11,15,26,82,101,13,264,16,25,17,21,19,15,15,15,15,15,15,15,15,15,15,15,15,15,15,15,15,15,15,15,15,15,16,16,16,15,15,16,18,16,16,16,16,16,12,16,16,16,16,16,19,46,16,16,16,16,16,16,16,16,16,16,16,40,16,16,16,16,16,16,16,16,16,16,16,16,16,16,16,16,16,16,3,16,18,16,16,16,16,16,16,16,16,16,16,16,16,16,16,16,16,16,16,16,16,16,18,16,16,16,16,16,16,16,16,16,16,16,16,16,16,16,16,16,16,16,16,16,16,16,16,16,16,16,16,16,16,16,16,16,16,16,16,16,16,16,16,16,16,16,16,16,16,16,16,16,16,16,16,16,16,16,16,16,16,19,16,16,16,16,16,16,16,16,16,16,16,16,16,16,16,16,16,16,16,16,16,16,16,16,16,16,16,16,16,16,16,16,16,16,16,16,16,16,16,16,16,16,19,16,16,16,16,16,16,16,16,16,16,16,16,16,16,16,16,16,16,16,16,16,16,16,16,16,16,16,16,16,16,16,16,16,16,16,16,16,16,16,16,16,16,16,16,16,16,16,16,16,16,16,16,16,16,16,16,16,16,16,16,16,16,16,16,16,16,16,16,16,16,16,16,16,16,16,16,16,16,16,16,16,16,16,16,16,16,16,16,16,16,16,16,16,16,16,16,16,16,16,16,16,16,16,16,16,16,16,16,16,16,19,16,16,16,16,16,16,16,16,16,16,16,16,16,16,16,16,16,16,16,16,16,16,13,16,16,16,16,16,16,16,16,16,16,16,16,16,16,16,16,19,15,15,15,15,15,15,15,15,15,15,15,15,15,15,15,15,15,15,15,15,15,15,15,15,15,15,15,15,15,15,15,15,15,15,15,15,15,15,18,15,15,15,15,15,15,15,15,15,15,15,17,15,15,15,15,15,15,15,15,15,15,15,15,15,15,15,15,15,15,15,15,15,15,15,15,15,15,15,15,15,15,15,15,15,15,15,15,15,15,15,15,15,15,15,15,15,15,15,15,15,15,15,15,15,15,15,15,15,15,12,15,15,15,15,15,15,15,15,15,15,15,15,15,15,15,15,15,15,15,15,15,15,15,15,15,15,15,15,15,15,15,15,15,15,15,15,15,15,15,15,15,15,15,15,15,15,15,15,15,15,15,15,15,17,15,15,15,15,15,15,18,15,15,15,15,15,15,15,15,15,15,15,15,15,15,15,15,15,15,15,15,15,15,15,15,15,15,15,15,15,15,15,15,15,15,15,15,15,15,15,15,15,15,15,15,15,15,15,15,15,15,15,15,15,15,15,15,15,15,15,15,15,15,15,15,15,15,15,15,15,15,15,15,15,15,15,15,15,15,15,15,15,15,15,15,15,15,15,15,15,15,15,15,15,15,15,15,15,15,15,15,15,15,15,15,15,15,15,15,15,15,15,15,15,15,15,15,15,15,15,15,15,15,15,15,15,15,15,15,15,15,15,15,15,15,15,15,15,15,15,15,15,13,15,15,15,15,15,15,15,15,15,15,15,15,15,15,17,15,15,15,15,15,15,15,15,15,15,15,15,15,15,15,15,15,15,15,15,15,15,15,15,15,15,15,15,15,15,15,15,15,15,15,15,15,15,15,15,15,15,15,15,15,15,15,15,15,15,15,15,15,15,15,15,15,15,15,15,15,15,15,15,15,15,15,15,15,15,15,15,15,15,15,15,15,15,15,15,15,15,15,15
6,1,2,1,1,1,1,2,2,3,3,2,2,2,2,3,2,2,2,2,4,4,7,3,9,3,3,3,3,3,3,3,3,4,3,4,4,4,6,59,7,3,3,3,3,3,3,16,36,10,7,5,6,6,6,7,6,8,6,7,6,8,6,102,4,8,5,7,8,5,5,5,5,71,11,6,10,6,30,13,6,8,11,7,9,7,7,12,6,9,7,7,9,16,125,8,10,8,8,8,8,9,8,10,12,9,12,9,9,9,10,11,8,9,10,12,13,10,14,10,122,48,26,10,14,11,5,6,8,10,7,8,5,10,5,9,7,10,8,8,8,5,8,12,8,8,8,8,9,18,36,86,63,12,11,25,22,11,11,31,19,16,7,22,10,8,10,12,11,15,11,11,16,12,12,12,69,12,15,15,10,15,22,25,11,11,12,15,14,14,17,12,13,12,12,14,13,12,60,46,15,13,13,97,18,13,36,32,22,16,14,67,16,17,15,13,15,15,28,119,30,22,47,29,21,17,19,19,17,16,16,20,22,22,18,20,23,18,120,26,23,40,26,18,20,18,18,19,18,20,22,19,19,8,22,19,19,19,20,21,20,22,20,22,20,20,22,20,20,62,23,99,80,24,25,25,29,22,37,14,36,35,38,42,31,21,26,24,28,27,20,21,20,20,20,20,20,22,20,21,21,21,21,21,21,21,21,21,21,21,21,21,21,21,23,21,21,21,21,21,21,21,41,20,20,20,20,20,20,20,20,20,20,20,20,20,20,20,20,20,20,20,23,21,21,21,21,21,21,21,21,21,21,21,21,21,21,21,21,21,21,21,21,21,21,21,21,21,21,21,23,21,21,21,21,21,21,21,21,23,21,21,21,21,21,21,21,21,21,21,21,21,21,21,21,21,21,21,21,21,21,21,21,21,21,21,21,21,21,21,21,21,21,21,21,21,21,21,21,21,21,21,21,21,21,21,21,21,21,24,21,21,23,21,21,21,21,21,21,21,21,21,21,21,21,21,21,21,21,21,21,21,21,21,21,21,21,21,21,21,21,21,21,21,21,21,21,21,21,21,21,21,21,21,21,21,21,21,21,21,21,21,21,21,21,21,21,21,21,21,21,21,21,21,21,21,21,21,21,21,21,21,21,21,21,21,21,21,21,21,21,21,21,21,21,21,21,21,21,22,20,20,20,20,20,20,20,20,20,20,20,20,20,20,20,20,20,20,20,20,20,20,20,20,20,20,20,20,20,20,20,20,22,20,20,20,20,20,20,20,20,20,20,20,20,20,20,20,20,20,20,20,20,20,20,20,22,20,20,23,20,20,20,20,20,20,20,20,20,20,20,20,20,20,20,20,20,20,20,20,20,20,20,20,20,20,20,20,20,20,20,20,20,20,20,20,20,20,20,20,20,20,20,20,20,20,20,20,20,20,20,20,20,20,20,20,20,20,20,20,20,20,20,20,20,20,20,20,20,20,20,20,20,62,96,36,54,21,44,29,32,21,35,26,37,43,39,30,35,25,27,23,21,21,20,20,20,20,20,20,20,20,20,20,20,20,20,20,20,20,20,20,20,20,20,20,20,20,20,20,20,20,20,20,20,20,20,20,20,20,20,20,20,20,20,20,20,20,20,20,20,20,20,20,20,20,20,20,20,20,20,20,20,20,20,20,20,20,20,20,20,20,20,20,20,20,20,20,20,20,20,20,20,20,20,20,20,20,20,20,20,20,20,20,20,20,20,20,20,20,20,20,20,20,20,20,20,20,20,20,20,20,20,20,20,20,20,20,20,18,20,20,20,19,20,20,20,20,20,20,20,20,20,20,20,20,20,20,20,20,20,20,20,20,20,20,20,20,20,20,20,20,20,20,20,20,20,20,20,20,20,20,20,20,20,20,20,20,20,20,20,20,20,20,20,20,20,20,20,20,20,20,20,20,20,20,20,20,20,20,20,20,20,20,20,20,20,20,20,20,20,20,148,29,22,161,63,37,38,25,14,11,15,14,20,13,72,40,25,14,19,15,13,22,17,13,13,140,27,13,16,17,16,15,15,15,16,16,16,16,16,16,16,16,16,16,16,16,16,60,36,18,16,16,16,16,16,16,16,16,18,16,16,16,16,16,16,16,16,16,16,16,16,16,16,16,16,16,16,16,16,16,16,16,16,16,16,16,16,16,16,16,16,16,16,16,16,11,16,13,16,16,16,16,16,16,16,16,16,16,16,16,16,16,16,16,16,16,16,16,16,16,16,16,16,16,16,16,16,16
2,1,2,3,1,1,1,4,2,3,4,2,2,2,3,2,2,2,2,5,2,3,8,3,3,3,3,3,3,7,7,3,5,4,6,3,3,3,3,3,6,3,5,10,4,7,4,3,3,4,4,4,4,5,5,6,10,7,3,7,7,7,10,14,10,8,10,6,5,6,7,6,106,11,11,15,10,10,19,10,7,7,32,14,34,11,3,9,8,8,9,7,11,8,10,9,10,112,11,11,51,7,13,6,5,8,7,7,6,7,6,9,30,14,15,17,9,110,6,7,8,7,7,7,12,8,13,10,8,8,8,21,94,16,37,13,9,11,11,11,13,10,10,13,76,20,10,13,10,11,10,10,65,58,23,18,17,11,8,15,12,12,12,13,16,12,12,14,14,102,15,34,12,12,55,16,16,111,28,25,13,23,15,20,21,47,14,51,20,15,22,53,18,38,9,17,16,16,16,19,14,17,17,22,17,19,18,115,35,250,27,50,285,121,16,68,61,68,17,167,88,49,44,63,46,37,28,23,18,19,20,20,19,19,19,21,20,19,23,19,20,20,22,22,23,20,22,19,20,20,20,21,21,23,28,26,22,25,21,31,30,72,21,22,22,20,20,20,20,20,20,20,20,20,20,20,20,20,20,20,20,20,20,20,20,20,20,20,20,21,30,51,56,23,20,23,24,20,20,20,20,20,20,20,20,20,20,20,20,20,20,20,20,20,20,20,20,20,20,20,20,20,20,20,20,20,20,22,22,20,20,20,20,20,20,20,20,20,20,20,20,20,20,20,20,20,20,20,20,20,20,20,20,20,20,20,20,20,20,20,20,20,20,20,20,20,20,20,20,20,20,20,20,20,20,46,30,20,20,20,20,14,20,20,20,20,20,20,20,20,20,20,22,20,20,20,20,20,20,20,20,20,20,20,20,20,20,20,20,20,20,20,20,20,20,20,20,20,20,20,20,20,20,20,20,20,20,20,20,20,20,20,20,20,20,20,20,20,20,20,20,20,20,20,20,20,20,20,20,20,20,20,20,20,20,20,20,20,20,20,20,20,20,20,20,20,20,20,20,20,20,20,20,20,20,20,20,20,20,20,20,20,20,21,21,21,21,21,21,21,21,21,21,21,23,21,21,21,21,21,21,21,21,21,21,21,21,21,23,21,21,21,21,21,23,21,21,21,21,21,21,21,21,21,21,21,21,21,21,21,21,21,21,21,21,21,21,21,21,21,21,21,21,21,21,21,21,21,21,21,21,21,21,21,21,21,21,21,21,21,21,21,21,21,21,21,21,21,21,21,21,21,21,21,21,21,21,21,21,21,21,21,21,21,21,21,21,21,21,21,21,21,21,21,21,21,21,21,21,21,21,21,21,21,21,21,21,21,21,21,21,21,21,21,21,21,21,21,21,21,21,21,23,21,21,21,21,21,21,21,21,21,21,21,21,21,21,21,21,21,21,21,21,21,21,21,21,21,21,21,21,21,21,21,21,23,21,21,21,21,21,21,21,21,21,21,21,21,21,21,21,21,21,10,21,21,21,21,20,21,21,21,21,21,21,21,21,21,21,21,21,21,21,21,21,21,21,21,21,21,21,21,21,21,21,21,21,21,21,21,21,21,21,21,21,21,28,20,20,20,20,20,20,20,20,20,20,20,20,20,20,20,20,20,20,20,20,20,20,20,20,20,20,20,20,20,20,20,20,20,22,20,20,20,20,22,20,20,20,20,20,20,20,20,20,20,20,20,20,20,20,20,20,20,20,20,20,20,20,20,20,20,20,20,20,20,20,20,20,20,20,20,20,20,20,20,20,20,20,20,20,20,20,20,20,20,20,20,20,20,20,16,20,20,20,20,20,20,20,20,20,20,20,20,20,20,20,20,20,20,20,20,20,20,20,20,20,20,20,20,20,20,20,20,20,20,20,20,20,20,20,20,20,20,20,20,20,20,20,20,20,20,20,20,20,20,20,20,20,20,20,20,20,20,20,20,20,20,20,20,20,20,20,20,20,20,20,20,20,20,20,20,20,20,20,20,20,20,20,20,20,20,20,20,20,20,20,20,20,20,20,20,20,20,20,20,20,20,20,20,20,20,20,20,20,20,20,20,20,20,20,20,20,20,20,20,20,20,20,20,20,20,20,20,20,20,20,20,20,20,20,20,20,20,20,20,20,20,20,20,20,20,20,20,20,20,20,20,20,20,20,20,20,20,20,20,20,20,20,20,20,20,19,20,20,20,20,20,20,20,20,20,20,20,20,20,20,20,20,20
1,1,3,1,2,1,2,3,2,2,2,3,2,2,4,2,2,2,2,3,3,3,2,2,3,2,3,3,4,3,5,6,2,5,3,3,3,4,3,7,6,5,6,10,3,5,4,5,3,4,4,8,20,200,7,4,4,4,4,6,4,6,5,6,5,5,5,8,8,8,8,7,45,6,6,6,9,9,7,10,7,10,6,10,8,8,3,9,14,10,8,8,64,14,22,10,6,6,8,6,6,6,11,8,9,10,10,4,10,8,9,11,9,12,7,42,9,8,8,8,9,8,8,10,14,9,9,13,9,11,12,11,8,10,12,30,34,127,10,14,12,61,18,15,13,11,12,13,20,25,19,57,24,12,34,10,14,14,18,13,9,10,11,11,9,12,9,9,9,65,15,134,28,15,13,12,12,14,10,11,10,11,11,9,13,13,12,13,12,13,38,85,15,12,12,12,12,12,11,13,14,18,13,14,15,13,13,14,15,21,16,17,217,24,18,105,26,58,12,52,14,13,12,11,14,18,13,13,12,12,17,15,13,5,54,43,16,24,16,13,14,13,15,12,13,15,14,18,154,26,94,43,22,21,21,20,23,17,17,24,17,26,7,15,15,15,15,15,15,17,26,35,15,15,16,16,16,16,11,16,16,16,16,16,16,16,16,18,16,16,16,16,16,16,16,16,16,16,16,16,19,19,16,16,16,16,16,16,16,16,16,16,16,16,18,16,16,16,16,16,16,16,16,16,16,16,16,16,16,16,16,16,16,16,16,16,16,16,16,16,16,16,16,16,16,16,16,16,16,16,16,16,16,16,19,16,16,16,16,16,16,16,16,16,16,16,16,16,16,16,16,16,16,16,16,16,16,16,16,16,16,16,16,16,16,16,16,16,16,16,37,15,15,15,15,15,15,15,15,15,15,15,15,15,15,15,15,15,15,15,15,15,15,15,15,15,15,15,15,15,15,15,15,15,15,15,15,15,15,15,15,15,15,15,15,15,15,15,15,15,15,15,15,15,15,15,15,15,15,15,15,15,15,15,15,15,15,15,17,15,15,15,15,15,15,15,15,15,15,15,15,15,15,15,15,15,15,15,15,15,15,15,15,15,15,15,15,15,15,15,15,15,15,17,15,15,15,15,15,15,15,15,15,15,15,15,15,15,15,15,15,15,15,15,15,15,15,15,15,15,15,15,15,15,15,15,15,15,15,15,15,15,15,15,15,17,15,15,15,15,15,15,15,15,17,15,15,15,15,15,15,15,15,15,15,15,15,15,15,15,15,15,15,15,15,15,15,15,15,15,15,15,15,15,15,15,15,15,15,15,15,15,15,15,15,15,15,15,15,15,15,17,15,4,15,15,15,15,15,15,15,15,15,15,15,15,15,15,15,15,15,15,15,15,15,15,15,17,15,15,15,15,15,15,15,15,15,15,15,15,15,15,15,15,15,15,15,15,15,15,15,15,15,15,15,15,15,15,15,15,15,15,15,15,15,15,15,15,15,15,15,15,15,15,15,15,15,15,15,15,15,17,15,15,15,15,15,15,15,15,15,15,15,15,15,15,15,15,15,15,15,15,15,17,15,15,15,15,15,15,15,15,15,15,15,15,15,15,15,15,15,15,15,15,15,15,15,15,15,15,15,15,15,15,15,15,15,15,15,15,15,15,15,15,15,15,15,15,15,15,15,15,15,15,15,15,15,15,15,15,15,15,15,15,15,15,15,15,15,15,15,15,15,15,15,15,15,15,15,15,15,15,15,15,15,15,15,15,15,15,15,15,15,15,15,15,15,15,15,15,15,15,15,15,15,15,15,15,15,15,15,15,15,15,15,15,17,15,15,15,15,15,15,15,15,15,15,15,15,15,15,15,15,15,15,15,15,15,15,15,15,15,15,15,15,15,15,15,15,15,15,15,15,15,15,15,15,15,17,15,15,15,15,15,15,15,15,15,15,15,15,15,15,15,15,15,15,15,15,17,15,15,15,15,15,15,15,15,15,15,15,15,15,17,15,15,15,15,15,15,15,15,15,15,15,15,17,15,15,15,15,15,15,15,17,15,15,15,15,15,15,15,15,15,15,15,15,15,15,15,15,15,15,15,15,15,15,15,15,15,15,17,15,15,15,15,15,15,15,15,15,15,15,15,15,15,15,15,15,15,15,15,15,15,15,15,15,15,15,15,15,15,15,15,15,15,15,15,15,15,15,15,15,15,15,15,15,15,15,15,15,15,15,15,15,15,15,15,15,15,15,15,15,15,15,15,15,15,15,15
1,3,2,1,2,1,4,1,2,1,2,3,2,2,2,2,4,2,2,2,3,6,2,4,3,4,2,5,7,3,3,1,4,5,3,4,7,4,9,131,4,3,4,9,3,3,6,3,3,4,3,4,5,7,4,4,6,4,7,9,6,6,5,5,6,5,5,7,8,3,6,11,52,40,9,9,5,9,8,15,11,7,6,7,5,7,7,7,9,7,9,11,8,10,16,8,11,11,11,9,13,12,9,11,13,11,37,198,16,56,32,8,5,5,4,5,13,8,5,5,6,7,9,7,6,6,7,6,6,8,9,6,6,8,7,9,9,13,10,13,157,49,12,18,30,14,9,12,10,8,8,9,9,9,13,10,9,10,9,9,10,12,10,43,18,14,11,15,15,11,11,12,14,29,30,33,58,102,19,47,20,10,10,12,10,10,16,14,14,16,12,12,13,18,13,15,14,45,13,12,12,12,6,12,12,19,102,17,15,230,54,40,16,15,16,92,17,15,29,19,59,26,22,17,19,30,35,70,32,135,44,24,17,17,17,17,17,17,17,17,17,17,17,17,17,17,17,17,17,17,17,17,17,17,17,17,17,17,17,17,17,19,17,17,17,17,17,20,17,17,18,18,18,18,20,18,41,17,17,19,17,17,17,17,17,17,17,17,17,17,17,17,17,17,17,17,17,17,17,17,17,17,17,17,17,17,17,17,25,17,17,17,17,17,22,17,17,17,17,17,17,17,17,17,17,17,17,17,17,17,17,17,17,17,17,17,17,17,17,17,17,17,17,17,17,17,17,17,17,17,17,17,17,17,17,17,41,17,157,192,26,18,27,18,139,48,18,10,25,20,14,15,15,15,15,15,15,15,15,15,15,15,15,15,15,17,15,15,15,15,15,15,15,15,15,15,15,15,15,15,15,15,15,15,17,15,15,15,15,15,15,15,15,15,15,15,15,15,15,15,15,15,15,15,15,15,15,15,15,15,15,15,15,15,17,15,15,15,15,15,15,15,15,15,15,15,15,15,15,15,15,15,15,15,15,15,15,15,15,15,15,15,15,15,15,15,15,15,15,15,15,15,15,15,15,15,15,15,15,15,15,15,15,15,17,15,15,15,15,15,15,15,15,15,11,15,15,15,15,15,15,15,15,15,15,15,15,15,15,15,15,15,15,15,15,15,15,15,15,15,15,15,15,15,15,15,15,15,17,15,15,15,15,15,15,15,15,15,15,15,15,15,15,15,15,15,13,15,15,15,15,15,15,15,15,15,15,15,15,15,15,17,15,15,15,15,15,15,15,15,15,15,15,15,15,15,15,15,15,15,15,15,13,15,15,15,15,15,15,15,15,15,15,15,15,15,15,15,15,15,15,15,27,15,15,15,15,15,15,15,15,15,15,15,15,15,15,15,15,15,15,15,15,15,15,15,15,15,15,15,17,15,15,15,15,15,15,15,15,15,15,15,15,15,15,15,15,15,15,15,17,17,15,15,15,15,15,15,15,15,15,15,15,15,15,15,15,15,15,15,15,15,15,18,15,15,15,15,15,15,15,15,15,15,15,15,15,15,15,15,15,15,15,15,15,15,15,15,17,15,15,15,15,15,15,15,15,15,15,15,15,15,15,15,15,15,15,15,15,15,15,15,15,15,15,15,15,15,15,15,15,15,15,15,15,15,15,15,15,15,15,15,15,15,15,15,15,15,15,15,15,15,15,15,15,15,15,15,15,15,15,15,15,15,15,15,15,15,15,15,15,15,15,15,15,15,15,15,15,15,15,15,15,15,15,15,15,15,15,15,15,15,15,15,15,15,15,15,15,15,15,15,15,15,15,15,15,15,15,15,15,15,15,15,15,15,15,15,15,15,15,15,15,15,15,15,15,15,15,15,15,17,15,15,15,15,15,15,15,15,15,15,15,15,15,15,15,15,15,15,15,15,15,15,15,15,15,15,15,15,15,15,15,15,15,15,15,15,15,15,15,15,15,15,15,15,15,15,15,15,15,15,15,15,15,15,15,15,15,17,15,15,15,15,15,15,15,15,15,15,15,15,15,15,15,15,15,15,15,15,15,15,15,15,15,15,15,15,15,15,15,15,15,15,15,15,15,15,15,15,15,15,15,15,15,15,15,15,15,15,15,15,15,15,15,15,15,15,15,15,15,15,15,15,15,15,15,15,15,15,15,15,15,15,15,15,15,15,15,15,15,15,15,15,15,15,15,15,15,17,15,15,15,15,15,15,15,15,15,15,15,15,15,15,15,15,15,15,15,15
1,1,2,3,1,1,2,2,2,2,5,3,2,2,2,2,2,2,2,4,2,2,5,2,3,2,3,4,2,3,3,3,5,3,5,4,7,5,3,4,8,9,7,4,5,8,8,8,8,6,6,7,10,7,7,9,7,14,31,10,81,8,13,12,9,9,9,11,10,9,9,11,10,11,11,10,15,10,13,12,11,15,17,17,14,15,15,13,15,15,15,16,14,14,16,14,15,18,14,16,14,16,15,18,20,24,19,18,22,18,21,18,22,19,20,20,19,18,17,22,19,19,20,18,24,21,22,24,20,22,19,19,21,19,19,21,22,19,11,4,4,7,4,6,5,5,5,7,5,6,41,24,19,7,4,5,15,6,3,5,99,23,21,19,19,21,21,19,21,25,25,23,20,26,72,105,155,49,47,79,5,43,6,6,8,6,8,6,6,6,9,6,9,141,47,53,33,43,29,22,19,38,17,19,28,16,16,16,16,16,21,16,16,16,16,16,16,16,16,16,16,16,16,16,16,16,16,16,16,16,16,16,18,16,16,16,16,16,16,16,16,16,16,16,16,16,16,16,16,16,16,16,16,16,16,16,16,16,16,16,16,16,18,16,16,16,26,16,16,16,16,16,16,16,16,16,16,16,16,16,16,16,16,16,16,16,16,16,16,16,16,16,16,16,16,16,16,16,16,16,16,16,18,16,18,16,175,66,43,45,37,22,43,36,12,25,17,7,81,8,8,8,10,9,8,8,8,8,8,8,8,9,11,10,9,9,12,9,9,11,108,53,34,14,11,11,10,10,13,10,12,14,11,11,10,10,16,14,15,11,14,29,15,12,12,12,14,12,12,14,12,13,9,16,13,16,15,13,189,15,16,72,44,20,19,20,18,16,24,19,276,40,38,208,105,20,62,19,19,19,16,16,16,16,16,16,16,16,16,16,16,16,16,16,16,16,16,16,16,16,16,16,16,16,16,16,16,16,16,16,16,16,16,16,16,16,16,16,16,16,16,3,16,16,16,16,16,16,16,18,16,16,16,16,16,16,16,16,16,16,16,16,16,16,16,16,16,16,16,16,16,16,16,16,16,16,16,16,16,16,16,16,16,16,16,16,8,16,16,16,16,16,16,16,16,16,16,16,16,16,16,16,16,16,16,16,16,16,16,16,16,16,16,16,16,16,16,16,16,16,16,16,16,16,16,16,16,16,16,16,16,16,16,16,16,16,16,16,16,16,16,16,16,16,16,16,16,16,16,16,16,16,16,16,16,16,16,16,18,16,16,16,16,16,16,16,16,16,16,16,16,16,16,16,16,16,16,16,16,16,16,16,16,16,16,16,16,16,16,16,16,16,16,16,16,16,16,16,16,16,16,16,16,16,16,16,16,16,16,16,16,16,16,16,16,18,16,16,16,16,16,16,16,16,16,16,16,16,16,16,16,16,16,16,16,16,16,16,16,16,16,16,16,16,16,16,16,16,16,16,16,16,16,16,16,16,16,16,16,16,16,16,16,16,16,16,16,16,16,16,16,16,16,16,16,18,16,16,16,16,16,16,16,16,16,16,16,16,16,16,16,16,16,16,16,16,16,16,16,16,16,16,16,16,16,16,16,16,16,16,16,16,16,16,16,16,16,16,16,16,16,16,16,16,16,16,16,16,16,16,16,16,16,16,16,16,16,16,16,16,16,16,16,16,16,16,16,16,16,16,16,16,16,16,16,16,16,16,16,16,16,16,16,16,16,16,16,16,16,16,16,16,16,16,16,16,16,16,16,16,16,16,16,16,16,16,16,16,16,16,16,16,16,16,16,16,16,16,16,16,16,16,16,16,16,16,16,16,16,16,16,16,16,16,16,16,16,16,16,18,16,16,16,16,16,16,16,16,16,16,16,16,16,16,16,16,16,16,16,16,16,16,16,16,16,16,16,16,16,16,16,16,16,16,16,16,16,16,16,16,16,16,16,16,16,16,16,16,16,16,16,16,16,16,16,16,16,16,16,18,16,16,16,16,16,16,16,16,16,16,16,16,16,16,16,16,16,16,16,16,16,16,16,16,16,16,16,16,16,16,16,16,16,16,16,16,16,16,16,16,16,16,16,16,16,16,16,16,18,16,16,16,16,16,16,16,16,16,16,16,16,16,16,16,16,16,16,16,16,16,16,16,16,16,16,16,16,16,16,16,16,16,16,16,16,16,16,16,16,16,16,16,16,16,16,16,16,16,16,16,16,16,16,16,16,16,16,16,16,16,16,16,16,16,16,16,16,16,16,16
2,1,1,3,1,1,3,2,2,2,2,2,8,2,2,3,4,2,2,2,5,3,2,3,5,3,3,3,5,3,3,3,3,3,3,6,4,8,5,6,2,3,3,3,3,4,6,4,6,6,4,4,3,4,5,4,6,4,5,8,7,17,7,7,5,7,53,189,10,10,5,5,4,6,5,6,6,7,6,8,6,7,6,6,6,58,13,9,13,6,10,7,7,6,6,50,15,7,9,7,7,9,7,11,8,9,7,10,97,11,9,11,9,10,10,12,18,10,8,10,13,11,11,12,16,12,11,12,36,58,331,26,23,7,10,15,10,8,8,9,8,10,9,11,9,55,70,20,12,35,23,9,9,9,11,12,10,9,10,18,10,10,9,10,10,10,12,11,10,12,10,11,14,16,15,16,12,14,15,12,12,12,14,16,14,12,29,126,27,31,49,21,41,26,27,16,37,26,26,19,15,15,15,17,16,19,16,19,18,19,20,17,17,19,17,17,21,20,18,18,17,88,45,92,113,39,18,44,65,36,50,21,63,34,50,53,26,25,25,29,27,35,20,23,21,21,21,25,21,22,22,21,21,22,23,20,22,27,22,22,22,22,22,22,24,22,24,22,22,22,22,22,22,22,22,22,22,22,22,22,22,22,22,22,22,22,22,22,22,22,22,22,22,22,22,22,22,22,22,22,22,22,22,22,22,23,23,23,23,28,23,23,23,23,23,23,24,25,23,25,25,23,23,22,82,26,22,22,22,22,22,22,22,22,22,22,22,22,22,22,22,22,22,22,22,22,22,22,22,22,22,22,22,22,22,22,22,22,24,22,27,25,23,23,23,23,23,23,23,23,23,23,23,23,23,23,23,23,23,23,23,23,23,23,23,23,23,25,23,23,23,23,23,23,23,23,23,23,25,25,23,23,23,23,23,23,23,23,23,23,23,23,23,23,23,23,23,23,23,23,23,23,23,23,23,23,23,23,23,23,23,23,23,23,23,23,23,23,23,23,18,23,23,23,23,23,23,23,23,23,23,23,23,23,23,23,23,23,23,23,23,23,23,23,21,23,23,23,23,23,23,23,23,23,23,23,23,23,23,23,23,23,23,23,23,23,23,23,23,23,23,23,23,23,23,23,23,23,23,23,23,23,23,23,23,23,23,23,23,23,23,23,23,23,23,23,25,23,23,23,23,23,23,23,23,23,23,23,23,23,23,23,23,23,23,23,23,23,23,23,23,23,23,23,23,23,23,23,23,23,23,23,23,23,23,23,23,25,23,23,23,23,23,23,23,23,23,23,23,23,23,23,23,23,23,23,23,23,23,23,23,23,23,23,23,23,23,23,23,23,23,23,23,23,23,23,23,23,23,23,23,23,23,23,23,22,23,23,23,23,23,23,23,23,23,23,23,23,23,23,23,23,23,23,23,23,23,23,23,23,23,23,23,23,23,23,23,23,23,23,23,23,23,23,23,23,23,23,23,23,23,23,23,23,23,23,23,23,23,23,23,23,23,23,23,23,23,23,23,23,23,23,23,23,23,23,23,23,23,23,23,23,23,23,23,23,23,23,23,23,23,23,23,12,23,23,23,23,23,23,23,23,23,23,23,23,23,23,23,23,23,23,23,23,23,23,23,23,23,23,23,23,23,23,23,23,23,23,23,23,23,23,23,23,23,23,23,23,23,23,23,23,23,25,23,25,23,23,23,23,23,23,23,23,23,23,23,23,23,23,23,23,23,23,23,23,23,23,23,23,23,23,23,23,23,23,23,23,23,23,23,23,23,23,23,23,23,23,23,23,23,23,23,23,23,23,23,23,23,23,23,23,23,23,23,23,23,23,23,23,23,23,23,23,23,23,23,23,23,23,23,23,23,23,23,23,23,23,23,23,23,23,23,23,23,23,23,23,23,23,23,23,23,23,23,23,23,23,23,23,23,23,23,23,23,23,23,23,23,23,23,23,23,23,23,23,23,23,23,23,23,23,23,23,26,23,23,23,23,23,23,23,23,23,23,23,23,23,23,23,23,23,23,23,23,23,23,23,23,23,23,23,23,23,23,23,23,23,23,23,23,23,23,23,23,23,23,23,23,23,23,23,23,23,23,23,23,23,23,23,23,23,23,23,23,23,23,23,23,23,23,23,23,23,23,23,23,23,23,23,23,23,23,23,23,23,23,23,23,23,23,23,23,23,23,23,23,23,23,23,23,23,23,23,23,23,23,23,23,151,47,17,33,25,63,33,25,32,38,47,38,36,37,35,30,23,54,25,28,26
1,2,2,4,1,1,1,1,1,7,2,2,4,2,4,2,3,4,2,3,2,3,5,2,2,2,2,4,3,3,3,5,3,3,3,4,3,7,3,3,3,3,4,3,6,4,6,9,9,4,4,6,6,3,5,4,6,9,10,10,4,5,5,5,5,5,7,6,7,10,12,12,6,14,7,7,8,11,10,7,8,8,9,12,7,11,8,11,7,74,10,7,109,21,67,46,26,11,99,17,48,8,5,7,5,6,9,8,6,7,7,6,6,6,6,6,7,8,13,11,8,8,8,8,10,9,8,6,10,6,13,9,13,11,11,10,10,13,13,10,9,81,45,10,20,11,19,12,9,8,10,8,9,28,166,47,30,18,14,13,14,14,10,10,9,13,10,10,10,11,13,11,15,19,64,11,11,11,12,12,12,15,12,14,12,15,15,13,14,14,16,12,133,14,15,19,49,32,19,17,32,10,14,10,11,12,15,12,12,43,23,16,17,13,12,16,13,13,12,12,14,17,17,13,14,13,16,16,18,16,12,18,17,16,18,18,20,17,18,554,18,103,145,52,23,83,13,39,21,16,16,18,16,16,16,16,16,16,37,120,26,21,19,23,16,33,23,44,3,20,21,35,24,146,20,70,19,16,16,16,16,16,16,16,17,17,17,17,17,17,17,17,17,17,17,17,17,17,17,17,17,17,17,17,17,17,17,17,17,17,17,17,17,17,17,17,17,17,17,17,17,17,17,17,17,17,17,17,17,17,17,17,17,17,17,20,17,17,17,17,17,17,17,17,17,17,17,17,17,17,17,17,17,17,17,17,17,17,17,17,17,17,17,17,17,17,17,17,20,17,17,17,17,17,17,17,17,17,17,17,17,17,17,17,17,17,17,17,17,17,17,17,17,17,17,17,19,17,17,17,17,20,17,17,17,17,17,17,17,17,17,19,17,17,17,17,17,17,17,17,17,17,17,17,17,16,17,17,17,17,27,27,17,17,17,17,17,17,17,17,17,17,17,17,17,17,17,17,17,17,17,16,17,17,17,17,17,17,17,17,17,17,17,17,17,17,17,17,17,17,15,17,17,17,17,17,17,17,17,17,17,17,17,17,17,17,17,17,17,17,17,17,17,17,17,17,17,17,17,17,17,17,17,17,17,17,17,17,17,17,17,17,17,17,17,17,17,17,17,17,17,17,17,17,17,17,17,17,17,17,17,17,17,19,17,17,17,17,17,17,17,17,17,17,19,17,17,17,17,17,17,17,17,17,17,17,17,17,17,17,15,17,17,17,19,17,17,17,17,17,17,17,17,17,17,17,17,17,17,17,17,17,17,17,17,17,17,17,17,17,17,17,17,17,17,17,17,17,17,17,17,17,17,17,17,17,17,17,17,17,17,17,17,17,17,17,17,17,17,17,17,17,17,17,17,17,17,17,17,17,17,17,17,17,17,17,17,17,17,37,17,16,16,16,16,16,16,15,16,16,16,16,16,16,18,16,16,16,16,16,16,16,16,16,16,16,16,16,16,16,16,16,16,16,16,16,16,16,16,16,16,16,16,16,16,16,16,16,16,16,16,16,16,16,16,16,16,16,16,16,16,16,16,16,16,16,16,16,16,16,16,16,16,16,16,16,16,16,16,16,16,16,16,16,16,16,16,16,16,16,16,16,16,16,16,16,16,16,16,16,16,16,16,16,16,10,16,16,16,16,16,16,16,16,16,16,16,16,16,16,16,16,16,16,16,16,16,16,16,16,16,16,16,16,16,16,16,16,16,16,16,16,16,14,16,16,16,16,16,16,16,16,16,16,16,16,16,16,15,16,16,16,16,16,16,16,16,16,16,8,16,16,16,16,16,16,16,16,16,16,16,16,16,16,16,16,16,16,16,16,16,16,16,16,16,16,16,16,16,16,16,16,16,16,16,16,16,16,16,16,16,16,16,16,16,16,16,16,16,16,16,16,16,16,16,16,16,16,16,16,16,16,16,16,16,16,16,16,16,16,16,16,16,16,16,16,16,16,16,16,16,16,16,16,16,16,16,16,16,16,16,16,16,16,16,16,16,16,16,16,16,16,16,16,16,16,16,16,16,16,16,16,15,16,16,16,16,16,16,16,16,16,16,16,16,16,16,16,16,18,16,16,16,16,16,16,16,16,16,16,16,16,16,16,16,16,16,16,16,16,16,16,16,16,16,16,16,16,16,16,16,16,16,16,16,16,16,16,16,16,16,16,16,16,16,16,16,16,16,16,16,16,16,16,16,16,16,16,16,16
