1,1,2,1,2,2,3,2,5,1,1,2,2,8,3,2,3,2,2,2,8,4,2,2,2,5,3,2,3,7,3,7,3,3,13,4,4,4,3,7,4,4,6,29,4,8,7,4,4,5,6,4,6,4,4,8,5,8,5,9,9,9,5,9,8,9,7,10,14,12,10,7,12,14,12,14,9,11,9,15,73,13,17,13,25,16,14,41,12,12,5,7,6,8,6,7,6,6,11,7,7,7,12,34,65,16,13,19,36,65,14,17,21,16,18,26,29,22,27,21,18,12,39,27,16,28,13,10,14,20,11,22,16,11,13,16,7,15,9,8,10,18,10,10,7,9,62,8,11,8,8,14,8,9,11,11,13,15,10,47,43,19,15,13,11,14,10,11,10,9,10,11,13,10,10,11,11,12,13,19,11,14,12,20,12,18,12,14,17,15,15,14,27,18,15,24,18,21,16,16,26,21,31,83,60,27,123,19,53,12,50,55,25,48,57,22,14,12,61,16,14,18,24,17,26,18,15,19,18,24,18,20,15,51,17,32,31,24,32,21,115,33,30,23,41,17,31,32,23,22,28,29,32,22,20,28,24,27,27,21,30,21,30,26,21,18,32,16,26,17,25,20,16,19,18,17,21,16,19,25,20,16,23,21,16,16,16,15,15,15,15,15,15,15,15,15,15,17,17,17,15,16,19,15,18,15,18,22,19,15,18,19,21,15,17,15,20,15,15,15,23,15,21,15,16,15,21,15,19,15,15,15,15,15,15,15,15,15,15,15,15,15,15,15,15,15,15,15,15,15,15,15,15,15,15,15,15,15,15,15,15,15,15,15,15,15,15,15,15,18,15,15,15,15,15,15,16,16,16,16,16,16,17,18,16,18,18,16,20,16,16,16,18,16,16,16,16,16,18,16,16,18,16,18,16,16,17,16,16,18,16,17,16,16,16,19,22,16,16,16,16,16,16,16,16,16,16,16,16,16,16,16,16,16,16,16,16,16,16,16,16,16,16,16,16,16,16,16,16,16,16,16,16,16,16,16,16,34,16,16,16,16,16,16,18,16,16,16,16,16,17,16,16,16,16,16,16,16,16,20,17,16,16,16,20,16,18,16,17,16,16,19,20,17,18,18,16,16,17,18,18,16,16,16,16,16,19,16,18,16,16,16,16,27,15,15,15,15,15,15,15,15,15,15,15,15,15,15,15,15,15,17,15,15,15,15,15,15,15,15,15,15,15,15,15,15,15,15,15,15,15,15,15,15,15,15,15,15,15,15,15,15,15,15,15,15,15,15,15,15,15,15,15,15,15,15,15,15,15,15,15,15,15,15,15,15,15,15,15,15,15,15,15,15,15,15,15,15,15,15,15,15,15,15,15,15,15,15,15,15,15,15,15,15,15,15,15,15,15,15,15,15,15,15,15,15,15,15,15,15,15,15,15,15,15,15,15,15,15,15,15,15,15,15,15,15,15,15,15,15,15,15,15,15,15,15,15,15,15,15,15,15,15,15,15,15,15,15,15,15,15,15,15,15,15,15,15,15,15,15,15,15,15,15,15,15,15,15,15,15,15,15,15,15,15,15,15,18,15,15,15,15,15,15,15,15,15,15,15,15,15,15,15,15,15,15,15,15,15,15,15,15,15,15,15,15,15,15,15,15,15,15,15,15,15,15,15,15,15,15,15,15,15,15,15,15,15,15,15,15,15,15,15,15,15,15,15,15,15,15,15,15,15,15,15,15,15,15,15,15,15,15,15,15,15,15,15,15,15,15,15,15,15,15,15,15,15,15,15,15,15,15,15,15,15,15,15,15,15,15,15,15,15,15,15,15,15,15,15,15,15,15,15,15,15,15,15,15,15,15,15,15,15,15,15,15,15,15,15,15,15,15,15,15,15,15,15,15,15,15,15,15,15,15,15,15,15,15,15,15,15,15,15,15,15,15,15,15,15,15,15,15,17,15,15,15,15,15,15,15,15,15,15,15,15,15,15,15,15,15,15,15,15,15,15,15,15,15,15,15,15,15,15,15,15,15,15,15,15,15,15,15,15,15,15,15,15,45,19,22,24,20,17,20,15,17,15,17,17,15,19,17,15,16,15,17,15,17,17,15,15,16,15,15,15,17,18,16,15,15,15,15,15,35,15,15,15,15,15,15,15,15,15,15,15,15,15,15,15,15,15,15,15,15,15,15,15,15,15,15,15,15,15,15,15,15,15,15,15,15,15,15,15,15,15,15,15,15,15,15,15,15,15,15,15,15,15,15,17,15
1,3,1,2,1,2,2,1,2,3,1,3,2,2,2,4,3,2,7,3,2,2,2,2,2,3,2,2,15,5,6,6,10,9,5,59,7,4,4,4,4,5,6,6,26,28,7,5,35,4,4,3,4,3,6,5,5,4,4,6,9,5,7,9,6,7,10,7,6,5,7,5,8,10,6,5,7,11,4,10,13,8,11,8,12,14,13,11,13,8,11,9,15,10,12,12,8,10,14,13,15,10,23,9,12,17,10,21,20,21,14,22,19,14,20,24,16,17,21,11,18,23,21,19,29,21,74,6,164,52,36,46,38,24,10,56,39,26,18,18,18,7,5,6,7,8,6,6,6,8,6,10,7,14,8,7,8,11,12,13,8,12,10,12,10,15,9,11,14,12,10,11,13,16,12,10,17,11,13,14,17,13,12,11,11,14,10,23,12,10,17,17,16,19,19,20,39,25,31,24,29,32,22,20,17,23,14,15,21,14,14,21,13,15,14,18,22,14,20,19,19,20,17,26,20,20,25,18,23,23,26,33,20,24,22,12,31,33,19,31,24,20,107,44,35,21,39,50,14,18,40,25,31,32,40,32,28,34,19,29,18,46,33,35,34,22,19,17,19,31,35,15,18,18,20,20,20,18,21,21,20,20,19,23,18,24,26,90,26,23,18,39,32,23,21,19,35,26,27,17,92,34,27,34,27,19,41,30,36,38,27,26,34,24,21,34,49,20,21,29,27,27,23,25,25,44,27,27,22,19,20,28,46,29,31,19,32,24,19,30,37,31,21,34,38,20,30,22,22,23,33,28,20,34,28,44,22,21,25,24,20,20,39,22,17,34,25,21,27,17,21,26,18,17,25,25,17,17,29,17,21,17,17,17,17,17,17,17,17,20,17,17,17,17,17,17,17,17,17,17,17,19,17,17,17,17,17,17,17,17,17,17,17,17,17,17,17,17,17,17,17,17,17,17,17,17,17,17,17,17,17,17,17,17,19,17,17,17,17,17,17,17,17,17,17,17,20,17,17,17,17,17,17,17,17,17,17,17,17,17,17,17,17,17,17,17,17,17,17,17,17,17,17,17,17,17,17,17,17,17,17,17,17,17,17,17,17,17,17,17,17,17,19,17,17,17,17,17,17,17,17,17,17,17,17,17,17,17,17,17,17,17,17,17,17,17,17,17,17,17,17,17,17,17,17,17,17,17,17,17,17,17,17,17,17,17,17,17,17,17,17,17,17,17,20,17,17,17,17,17,17,17,17,17,17,17,17,17,17,17,17,17,17,17,17,17,17,17,17,17,17,17,17,17,17,17,20,17,17,17,17,17,17,17,17,17,17,17,17,17,17,17,17,17,17,17,17,17,17,17,17,17,17,17,17,17,17,17,17,17,17,17,17,17,17,17,17,17,17,17,17,17,17,17,17,17,17,17,17,17,17,17,17,17,17,17,17,17,17,17,17,17,17,17,17,17,17,17,17,17,17,17,17,17,17,17,17,17,17,17,17,17,17,17,17,17,17,17,17,17,17,17,17,17,17,17,17,17,17,17,17,17,17,17,17,17,17,17,17,17,17,17,17,17,17,17,17,17,17,17,17,17,17,17,17,17,17,17,17,17,17,17,17,17,17,17,17,17,17,17,17,17,17,17,17,17,17,17,17,17,17,17,17,17,17,17,17,17,17,17,17,17,17,17,17,17,17,17,17,17,17,17,17,17,17,17,17,17,17,17,17,17,17,17,17,17,17,17,17,17,17,17,17,17,17,17,17,17,17,17,17,20,17,17,17,17,17,17,17,17,17,17,17,17,17,17,17,17,17,17,17,17,17,17,17,17,17,17,17,17,17,17,17,17,17,17,17,17,17,17,17,17,17,17,17,17,17,17,17,17,17,17,17,17,17,17,17,17,17,17,17,17,17,17,17,17,17,17,17,17,17,17,17,17,17,17,17,17,17,17,17,17,17,17,17,17,17,17,17,17,17,17,17,17,17,17,17,17,17,17,17,17,17,17,17,17,17,17,17,17,17,17,17,17,17,17,17,17,17,17,17,17,17,17,17,17,17,17,17,17,17,17,17,17,17,17,17,17,17,17,17,17,17,17,17,17,17,17,17,17,17,17,17,17,17,17,17,17,17,17,17,17,17,17,17,17,17,17,17,17,17,17,17,17,17,17,17,17,17,17,17,17,17,17,17,17,17,17,17,17,17,17,17,17,17,17,17,17,17,17,17,17,17,17,17,17,17,17,17,17,17,17,17,17,17,17,17,17,17,17
1,1,2,1,1,2,2,3,2,1,2,2,3,2,4,4,2,2,3,3,2,6,2,4,6,4,4,3,2,3,6,3,3,5,6,3,3,3,9,8,6,5,4,4,8,5,4,9,6,9,8,4,6,8,6,8,8,5,6,6,5,10,5,5,7,7,28,15,9,17,12,21,22,7,6,18,22,7,8,11,12,11,9,5,16,10,8,11,12,14,11,15,10,14,14,7,10,6,3,12,5,9,20,7,9,9,8,9,9,15,50,15,12,18,12,13,23,10,13,11,7,13,15,21,10,15,21,7,8,22,7,18,10,8,10,9,9,15,11,12,13,11,15,10,11,98,23,29,23,11,16,20,13,18,23,21,18,12,21,20,125,33,22,35,16,70,17,19,13,13,23,20,12,16,15,20,13,20,26,15,12,14,13,19,14,18,20,13,14,16,16,13,18,13,19,18,16,15,18,18,22,26,24,20,20,29,25,12,26,25,21,12,16,23,28,13,21,27,18,14,30,30,16,21,14,16,14,16,15,19,21,15,24,14,15,31,25,14,145,26,33,16,126,34,46,53,83,45,47,42,22,25,16,49,22,24,24,26,24,22,20,19,18,20,30,26,18,25,20,20,21,19,21,32,15,21,18,21,22,15,16,17,26,15,21,18,31,15,15,18,16,22,15,15,17,17,16,15,15,15,21,15,21,15,17,19,22,18,18,20,19,21,16,20,17,15,19,16,16,15,15,15,18,16,16,24,16,18,19,16,19,15,17,16,16,15,16,15,15,26,21,21,18,17,15,19,15,15,16,18,15,15,15,21,16,15,15,15,15,15,15,15,15,15,15,15,15,15,15,15,15,15,15,15,15,15,15,15,15,15,15,15,15,15,15,15,15,15,15,15,15,15,15,15,15,15,15,15,15,15,15,15,15,15,15,15,15,15,15,15,15,15,15,15,15,15,15,15,15,15,15,15,15,15,15,15,15,15,15,15,15,15,15,15,15,15,15,15,15,15,15,16,15,15,15,15,15,15,15,15,15,15,15,15,15,15,15,15,15,15,15,15,15,15,15,15,15,15,15,15,15,15,15,15,15,15,15,15,15,15,15,15,15,15,15,15,15,15,15,15,15,15,15,15,15,15,15,15,15,15,15,15,15,15,15,15,15,15,15,15,15,15,15,15,15,15,17,15,15,15,15,15,15,15,15,15,15,15,15,15,15,15,15,15,15,15,15,15,15,15,15,15,15,15,15,15,15,15,15,15,15,15,15,15,15,15,15,15,15,15,15,15,15,15,15,15,15,15,15,15,15,15,15,15,15,15,15,15,15,15,15,15,15,15,15,15,15,15,15,15,15,15,15,15,15,15,15,15,15,15,15,15,15,15,15,15,15,15,15,15,15,15,15,15,15,15,15,15,15,15,16,33,35,25,26,17,29,21,20,21,25,24,19,23,22,23,22,21,17,33,19,19,29,20,18,23,24,20,38,28,21,17,17,24,20,21,21,20,17,20,20,20,19,17,19,21,20,18,17,17,28,18,17,24,19,18,18,23,20,22,21,23,26,101,28,29,22,20,32,26,22,20,20,20,20,21,22,22,23,31,25,28,28,28,35,28,25,35,23,28,30,30,32,17,19,24,18,24,28,17,19,17,17,17,17,17,17,18,19,17,19,17,23,17,17,22,17,20,20,17,19,17,17,17,28,17,19,30,17,20,17,17,17,17,17,17,17,17,17,17,17,17,17,17,17,17,17,17,17,17,17,17,17,17,17,17,17,17,17,17,17,17,17,17,17,17,17,17,17,17,17,17,17,17,17,17,17,17,17,17,17,17,17,17,17,17,17,17,17,17,17,17,17,17,17,17,17,17,17,17,17,17,17,17,17,17,17,17,17,17,17,17,17,17,17,17,17,17,17,17,17,17,17,17,17,17,17,17,17,17,17,17,17,17,17,17,17,17,17,17,17,17,17,17,17,17,17,17,17,17,17,17,17,17,17,17,17,17,17,17,17,17,17,17,17,17,17,17,17,17,17,17,17,17,17,17,17,17,17,17,17,17,17,17,17,17,17,17,17,17,17,17,17,17,17,17,17,17,17,17,17,17,17,17,17,17,17,17,17,17,17,17,17,17,17,17,17,17,17,17,17,17,17,17,17,17,17,17,17,17,17,17,17,17,17,17,17,17,17,17,17,17,17,17,17,17,17,17,17,17,17,17,17,17,17,17,17,17,17,17,17,17,17,17,17,17,17,17,17,20,17,17,17,17,17,17,17,17,17,17
1,6,1,2,1,1,1,2,2,2,2,2,2,2,3,4,4,6,5,3,2,2,3,2,4,2,5,3,3,9,4,3,8,6,3,4,4,7,10,6,6,5,4,8,6,72,16,2,6,3,8,4,4,7,7,5,5,7,5,6,10,5,5,6,5,6,6,13,13,7,60,10,8,8,10,16,4,9,6,8,8,45,4,7,14,6,5,9,6,7,10,24,13,8,9,9,11,8,9,8,36,26,9,13,33,16,9,8,9,14,17,21,11,8,10,6,8,10,7,7,9,9,7,7,8,11,12,11,13,16,9,14,10,12,14,15,11,10,12,10,10,15,13,22,17,20,13,14,16,12,19,18,11,14,18,12,11,15,10,16,15,14,20,11,17,21,12,14,20,20,18,15,3,20,11,11,17,23,12,15,20,15,13,20,16,19,18,21,25,18,96,31,27,37,13,25,24,19,21,31,23,18,26,16,28,20,18,29,24,30,16,24,14,21,21,19,19,17,26,20,17,21,24,32,26,38,21,29,17,41,112,35,16,32,27,141,42,18,37,55,16,57,55,17,47,17,22,42,15,25,15,19,30,17,15,23,17,15,15,15,34,15,17,15,17,24,20,26,25,27,20,22,17,22,25,22,23,23,23,27,15,17,19,25,30,18,19,15,28,26,18,27,16,16,22,22,16,17,21,38,17,17,23,15,15,19,19,18,15,15,20,18,15,15,15,15,15,15,15,15,15,15,15,15,15,15,15,15,15,15,15,15,15,18,15,15,18,16,17,15,15,16,15,91,15,15,15,15,17,17,24,15,15,15,15,15,15,15,15,15,15,15,15,15,15,17,15,15,15,15,15,15,15,15,15,17,15,15,15,15,15,15,15,15,15,15,15,15,15,15,15,15,15,15,15,15,15,15,15,15,15,15,18,15,15,15,15,15,15,15,15,15,15,15,15,15,15,15,15,15,15,15,17,15,15,15,15,15,15,15,15,15,15,15,15,15,15,15,15,15,15,15,15,15,15,15,15,15,15,15,15,15,15,15,15,15,15,15,15,15,15,15,15,15,15,15,15,15,15,15,15,15,15,15,15,15,15,15,15,15,15,15,15,15,15,15,15,15,15,15,15,15,18,15,15,15,15,15,15,15,15,15,15,15,15,15,15,15,15,15,15,15,15,15,15,15,15,15,15,15,15,15,15,15,15,15,15,15,15,15,15,15,15,15,15,15,15,15,15,17,19,15,16,15,15,15,15,15,15,15,17,17,15,15,15,15,15,15,15,16,15,15,17,15,15,15,15,15,15,15,15,15,15,15,15,15,15,15,15,15,15,15,15,15,15,15,15,15,15,15,15,15,15,15,15,15,15,15,15,15,15,15,15,15,15,15,15,15,15,15,15,15,15,15,15,15,15,15,15,15,15,15,15,15,15,15,15,15,15,15,15,15,15,15,15,15,15,15,15,15,15,15,15,15,15,15,15,15,15,15,22,22,23,31,31,17,24,18,25,16,22,16,25,17,20,18,24,23,20,18,18,21,20,31,19,21,18,23,17,22,22,18,17,18,21,16,19,16,16,21,18,17,16,16,17,18,16,43,18,16,16,16,16,16,16,16,16,16,16,16,16,16,16,16,16,16,16,16,16,16,16,16,16,16,16,16,16,16,16,16,16,16,16,16,16,16,16,16,16,16,16,16,16,16,16,16,16,16,16,16,16,16,16,16,16,16,16,16,16,16,16,16,16,16,16,16,16,19,16,16,16,16,16,16,16,16,16,16,16,16,16,16,16,16,16,16,16,16,16,16,16,16,16,16,16,16,16,16,16,16,16,16,16,16,16,16,16,16,16,16,16,16,16,16,16,16,16,16,16,16,16,16,16,16,16,16,16,16,16,16,16,16,16,19,16,16,16,16,16,16,16,16,16,16,16,16,16,16,16,16,16,16,16,16,16,16,16,16,16,16,16,16,16,16,16,16,16,16,16,16,16,16,16,16,16,16,16,16,16,16,16,16,16,16,16,16,16,16,16,16,16,16,16,16,16,16,16,16,16,16,16,16,16,16,16,16,16,16,16,16,16,16,16,16,16,16,16,16,16,16,16,16,16,16,16,16,16,16,16,16,16,16,16,16,16,16,16,16,16,16,16,16,16,16,16,16,16,16,16,16,16,16,16,16,16,16,16,16,16,16,16,16,16,16,16,16,16,16,16,16,16,16,16,16,16,16,16,16,16,16,16,16,16,16,16,16,18,16,16,16,16,16,16,16,16,16,16,16,16,16
2,1,1,1,2,1,3,4,2,1,1,2,3,3,2,3,2,2,1,2,5,3,2,3,3,7,3,2,3,3,3,2,2,7,6,8,4,4,4,58,3,6,3,6,3,6,5,11,4,7,4,9,7,4,54,4,3,4,6,4,26,6,10,5,8,7,8,5,5,23,14,6,10,8,24,8,14,6,6,8,9,7,13,9,11,7,12,8,13,9,8,8,5,12,8,14,11,69,13,10,14,18,21,16,14,15,12,7,15,8,6,8,6,8,9,8,16,11,8,12,9,11,12,11,10,15,8,12,11,14,11,10,11,14,16,13,17,11,14,12,15,16,10,13,15,16,14,14,12,23,17,9,42,17,34,9,75,10,33,11,11,12,10,50,55,18,24,18,21,49,69,67,33,83,22,60,37,20,25,54,23,28,25,29,28,13,24,26,20,23,26,18,31,16,15,21,17,15,13,17,14,11,14,15,13,16,88,23,25,64,23,37,22,29,26,33,25,27,25,33,22,29,37,24,17,17,32,42,23,24,16,26,20,22,16,25,17,19,22,18,17,17,18,16,17,29,17,65,19,16,17,16,19,17,16,15,17,19,18,17,21,19,20,17,33,24,27,24,26,27,23,23,15,23,15,17,27,17,25,15,21,19,24,15,15,15,25,15,18,15,15,16,15,15,15,16,16,17,16,16,16,16,16,16,16,16,16,16,16,16,16,16,19,16,16,16,16,16,16,16,16,16,16,16,16,16,19,16,16,16,16,16,16,16,16,16,16,16,17,16,17,16,19,16,16,16,23,16,18,17,16,32,16,20,16,16,25,16,17,16,16,16,33,17,28,15,15,15,15,15,15,15,15,15,15,27,15,15,15,15,15,15,15,18,15,15,15,15,15,15,15,15,15,15,15,15,15,15,15,15,15,15,15,15,15,15,15,15,15,16,16,16,16,16,16,23,15,15,17,15,18,15,21,15,15,21,15,15,15,19,15,17,18,15,15,15,15,16,15,15,16,15,15,17,17,17,23,16,15,24,15,15,97,15,17,33,15,15,15,15,15,15,15,16,16,19,22,18,19,18,16,16,19,16,18,18,16,16,16,20,16,19,17,16,16,17,22,16,18,18,16,16,17,18,18,16,17,42,20,32,48,28,17,30,16,54,34,27,16,34,33,16,22,16,28,16,25,16,16,31,16,16,16,16,16,16,16,16,16,16,16,16,16,16,16,16,16,16,16,16,16,16,16,16,16,16,16,16,16,16,16,16,16,16,16,16,16,16,16,16,16,16,16,16,16,16,16,16,16,16,16,16,16,16,16,16,16,16,16,16,16,16,16,16,16,16,16,16,16,16,16,16,16,16,16,16,16,16,16,16,16,16,16,16,16,16,16,16,16,16,16,16,16,16,16,16,16,16,16,16,16,16,16,16,16,16,16,16,16,16,16,16,16,16,16,16,16,16,16,16,16,16,16,16,16,16,16,30,16,16,26,27,24,32,21,35,30,28,18,30,24,22,25,25,25,22,24,20,24,24,24,23,31,23,29,21,24,38,19,25,17,33,20,24,34,19,27,19,26,25,32,17,24,20,24,31,19,23,20,28,33,16,18,24,17,25,16,22,26,16,28,16,16,20,16,18,16,16,16,16,16,16,16,16,16,16,16,16,16,16,16,16,16,16,16,16,16,16,16,16,16,16,16,16,16,16,16,16,16,16,16,16,16,16,16,16,16,16,16,16,16,16,16,16,16,16,16,16,16,16,16,16,16,16,16,16,16,16,19,16,16,16,16,16,16,16,16,16,16,16,16,16,16,16,16,16,16,16,16,16,16,16,16,19,16,16,16,16,16,16,18,16,16,16,16,16,16,16,16,16,16,16,16,16,16,16,16,19,16,16,16,16,16,16,16,16,16,16,16,16,16,16,16,16,16,16,16,16,16,16,16,16,16,16,16,16,16,16,16,16,16,16,16,16,16,16,16,16,16,16,16,16,16,16,16,16,16,16,16,16,16,16,16,16,16,16,16,16,16,16,16,16,16,16,16,16,16,16,16,16,16,16,16,16,16,16,16,16,16,16,16,16,16,16,16,16,16,16,16,16,16,16,16,16,16,16,16,16,16,16,16,16,16,16,16,16,16,16,16,16,16,16,16,16,16,16,16,16,16,16,16,16,16,16,16,16,16,16,16,16,16,16,16,16,16,16,16,16,16,16,16,16,16,16,16,16,16,16,16,16,16,16,16,16,16,16,16,16,16,19,16,16,16,16,16,16,18,16,16,16
2,1,2,1,1,2,1,2,1,2,4,3,2,2,2,2,4,3,2,4,2,5,4,5,2,3,2,2,3,8,6,6,8,5,4,7,4,4,2,4,10,8,6,6,61,3,5,6,5,3,3,8,3,6,8,4,11,4,6,7,6,4,7,9,5,5,7,10,5,5,8,12,10,7,16,12,9,10,9,16,10,12,7,14,7,15,9,25,10,10,18,8,106,24,21,27,6,19,10,8,7,5,7,8,6,9,9,6,8,6,7,6,9,9,11,9,10,13,85,14,23,22,32,7,23,12,10,14,11,19,37,15,20,18,9,10,25,10,22,10,14,11,9,13,16,11,11,15,11,18,10,11,14,11,9,10,29,14,20,24,17,14,16,16,20,13,20,14,23,11,11,15,17,16,21,13,20,17,29,13,19,19,23,21,22,25,31,14,15,25,31,15,19,12,31,13,26,25,15,27,25,24,19,25,12,19,14,72,15,12,16,20,14,21,22,28,86,21,26,24,23,28,41,23,25,33,26,31,18,22,24,34,29,24,32,31,19,29,26,24,36,18,18,28,28,33,73,17,29,195,17,50,26,21,31,36,42,19,22,37,17,18,43,20,17,25,54,21,35,17,19,18,25,20,18,38,18,39,18,18,22,19,39,20,15,21,16,18,15,29,19,21,23,16,15,34,15,20,15,15,17,16,15,32,15,17,15,15,15,15,15,15,15,15,15,15,15,15,15,15,15,15,16,15,22,16,18,18,16,19,17,20,16,16,17,16,16,20,35,15,15,19,15,16,15,24,16,17,19,16,15,19,18,20,17,15,18,22,18,15,15,21,19,15,19,15,23,18,15,15,17,15,22,15,15,15,15,15,15,15,15,15,15,15,15,15,15,15,15,15,15,15,15,15,15,15,15,15,15,15,15,15,15,15,15,15,15,15,15,15,15,15,15,15,15,15,15,15,15,15,15,15,15,15,15,15,15,15,15,15,15,15,15,15,15,15,15,15,17,15,15,15,15,15,15,15,15,16,20,20,18,23,18,20,24,17,16,18,17,18,16,18,16,16,16,18,19,18,18,18,16,19,16,20,16,17,17,18,16,21,17,19,20,20,16,16,26,16,20,17,16,18,19,22,16,16,18,16,28,16,16,19,16,16,16,16,16,16,16,16,16,16,16,16,16,16,16,16,16,16,16,16,16,16,16,16,16,16,16,16,16,16,16,16,16,16,16,16,16,16,16,16,16,16,16,16,16,16,16,16,16,16,16,16,16,16,16,16,16,16,16,16,16,16,16,16,16,16,16,16,16,16,16,16,16,16,16,16,16,16,16,16,16,16,16,16,16,16,16,19,16,16,16,16,16,16,16,16,16,16,18,16,16,16,16,16,16,16,18,16,16,16,16,16,16,16,16,16,16,16,16,16,16,16,16,16,16,16,16,16,16,16,16,16,16,16,16,16,16,16,16,16,16,16,16,16,16,16,16,16,16,16,16,16,16,16,16,16,16,16,16,18,16,16,16,16,16,16,16,16,16,16,16,16,16,16,16,16,16,16,16,16,16,16,16,16,16,16,16,16,16,16,16,16,16,16,16,16,16,16,16,16,16,33,15,15,15,15,18,18,15,15,15,15,17,15,15,15,15,15,15,15,15,15,15,15,15,15,15,15,15,15,15,15,15,15,15,15,15,15,15,15,15,15,15,15,15,15,15,15,15,15,15,15,15,15,15,15,15,15,15,15,15,15,15,15,15,15,15,15,15,15,15,15,15,15,15,15,15,15,15,15,15,15,15,15,15,15,15,15,15,15,15,15,15,15,15,15,15,15,15,15,15,15,15,15,15,15,15,15,15,15,15,21,15,15,15,15,15,15,15,15,15,15,15,15,15,15,15,15,15,15,15,15,15,15,15,15,15,15,15,15,15,15,15,15,15,15,15,15,15,15,15,15,15,15,15,15,15,15,15,15,15,15,15,15,15,15,15,15,15,15,15,15,15,15,15,15,15,15,15,15,15,15,15,15,15,15,15,15,15,15,15,15,15,15,15,15,15,15,15,15,15,15,15,15,15,15,15,15,15,15,15,15,15,15,15,15,15,15,15,15,15,15,15,15,15,15,15,15,15,15,15,15,15,15,15,15,15,15,15,15,15,15,15,15,15,15,15,15,15,15,15,15,15,15,15,15,15,15,15,15,15,15,15,15,15,15,15,15,15,15,15,15,15,15,15,15,15,15,15,15,15,15,15,15,15,15,15,15,15,15,15,15,15,15,15,15,15,15
1,1,5,2,3,2,3,2,2,1,2,3,2,3,2,2,4,5,2,2,2,2,3,2,3,9,4,4,6,7,7,7,5,12,7,6,8,10,9,38,17,5,5,3,2,8,3,3,3,3,3,3,4,5,3,4,10,4,4,5,4,4,6,6,7,5,5,5,9,5,6,9,5,5,6,10,5,11,12,20,8,6,16,6,8,6,6,8,11,6,6,6,6,7,8,6,14,13,11,6,17,11,20,9,11,7,10,5,3,8,9,10,7,12,8,26,29,24,13,24,28,15,28,39,28,20,10,16,13,20,12,8,18,10,10,7,7,7,15,10,10,12,8,15,73,7,14,14,17,10,7,46,14,11,15,10,11,20,14,10,11,52,13,22,12,12,21,12,13,15,17,20,157,38,24,21,18,22,27,20,15,15,23,20,19,25,25,74,15,16,17,18,21,18,14,14,16,18,16,22,16,15,13,15,15,21,18,15,13,14,17,16,14,32,17,20,20,26,27,24,13,25,18,17,24,26,18,21,30,13,24,14,31,13,22,13,17,23,25,17,24,15,22,15,20,17,18,22,17,21,20,19,12,99,28,15,16,18,30,14,21,27,19,32,23,25,20,24,23,25,34,23,18,19,18,25,28,16,20,16,18,22,24,16,23,21,16,20,20,17,20,25,16,15,22,15,19,16,19,20,24,23,16,15,15,16,20,18,24,20,19,18,16,16,24,17,16,22,16,18,18,20,29,20,23,58,17,23,22,15,15,70,19,17,19,18,15,21,30,15,15,33,21,18,15,18,16,41,16,15,16,34,15,19,34,26,22,32,25,32,29,30,38,26,38,36,40,27,37,29,15,15,30,22,16,17,15,15,15,28,15,16,17,30,15,15,15,15,15,15,15,15,15,15,15,15,15,15,15,15,15,15,15,15,15,15,15,15,15,15,16,18,19,20,17,22,18,18,16,20,18,16,18,16,19,18,17,16,16,22,18,35,17,16,20,16,17,24,21,19,21,21,24,20,16,20,24,21,20,18,16,52,15,17,19,15,22,15,20,15,17,15,15,39,17,15,37,17,15,15,15,18,19,15,15,15,40,15,17,15,15,15,15,15,15,15,15,15,15,15,15,15,15,15,15,15,15,15,15,15,15,15,15,15,15,15,15,15,15,15,15,15,15,15,15,15,15,15,15,15,15,15,15,15,15,15,15,15,15,15,15,15,15,15,15,15,15,15,15,15,15,15,15,15,15,15,15,15,15,15,15,15,15,15,15,15,15,15,15,15,15,15,15,15,15,15,15,15,17,15,15,15,15,15,15,15,15,15,15,15,15,15,15,15,15,15,15,15,15,15,15,15,15,15,15,15,15,15,15,15,15,15,15,15,15,15,15,15,17,15,15,15,17,15,15,15,15,15,15,15,15,15,15,15,15,17,15,15,15,15,15,17,15,15,15,15,15,15,15,15,15,15,15,15,15,15,15,15,15,15,15,15,15,15,15,15,15,15,15,15,15,15,17,15,15,15,17,15,15,15,15,15,15,15,15,17,15,15,15,15,15,15,15,15,15,17,15,15,15,15,15,15,15,15,15,15,15,15,15,15,15,15,15,15,15,15,15,15,15,15,15,15,15,15,15,15,15,15,15,15,15,15,15,15,15,15,15,15,15,15,15,15,15,15,15,15,15,15,15,15,15,15,15,15,15,15,15,15,15,15,15,15,15,15,15,15,15,15,15,15,15,15,15,15,15,15,15,15,15,15,15,15,15,15,15,15,15,15,15,15,15,15,15,15,15,15,15,15,15,15,15,15,15,15,15,15,15,15,15,15,15,15,15,15,15,15,15,15,15,15,15,15,15,15,15,15,15,15,15,15,15,15,15,17,15,15,15,15,15,15,15,15,15,15,15,15,15,15,15,15,15,15,15,15,15,15,15,15,15,15,15,15,15,15,15,15,15,15,15,15,15,15,15,15,15,15,15,15,15,15,15,15,15,15,15,15,15,15,15,15,15,15,15,15,15,15,15,15,15,15,15,15,15,15,15,15,15,15,15,15,15,15,15,15,15,15,15,15,15,15,15,15,15,15,15,15,15,15,15,15,15,15,15,15,15,15,15,15,15,15,15,15,15,15,15,15,15,15,15,15,15,15,15,15,15,15,15,15,15,15,15,15,15,15,15,15,15,15,15,15,15,15,15,15,15,15,16,16,16,16,16,16,16,16,16,16,16,16,16,16,16,16,16,16,16,16,16,16,16,16,16,16,16,16,16,16,16,19,16,16
1,2,1,1,2,5,1,4,1,2,2,2,2,2,2,2,4,3,2,2,3,5,3,5,3,6,3,3,10,3,3,5,3,3,4,3,9,6,8,3,30,4,3,6,3,3,7,4,3,3,6,4,20,9,4,7,3,4,9,6,11,5,9,5,14,6,6,16,6,6,11,9,11,10,12,16,8,76,10,17,7,4,10,7,7,8,5,7,11,6,9,5,8,6,6,6,10,6,10,10,8,10,15,10,8,9,8,11,16,11,8,15,16,10,14,16,9,8,10,16,19,14,14,12,23,9,12,15,10,9,25,23,10,10,9,9,12,58,16,11,21,14,13,20,12,20,9,17,18,23,13,15,43,20,91,22,16,23,26,14,22,19,24,15,20,22,18,19,22,16,17,18,17,23,26,19,20,16,35,21,16,22,27,159,24,32,18,35,30,14,47,34,29,35,23,22,39,17,31,10,30,11,18,24,10,11,19,15,14,13,12,53,11,14,18,16,18,16,18,17,13,15,16,16,16,15,16,16,18,21,14,29,20,18,20,21,25,24,20,20,25,81,18,34,24,23,30,19,36,27,25,21,20,41,19,24,23,26,16,17,28,19,16,22,19,30,25,18,26,15,23,21,19,20,17,20,14,22,31,18,22,16,19,19,15,27,24,28,27,22,32,29,21,37,36,24,17,28,17,30,29,46,34,16,17,26,34,15,35,15,28,15,39,15,34,15,32,16,94,26,26,18,30,21,23,19,27,17,23,26,20,22,23,28,19,20,29,21,34,22,31,20,16,18,34,33,24,26,16,18,37,34,18,28,17,36,18,22,23,33,16,31,16,34,17,16,26,16,26,16,20,17,32,16,18,16,16,16,16,16,16,16,16,16,16,16,16,16,16,16,16,16,16,16,16,16,16,16,16,16,16,33,15,15,15,15,15,15,15,15,15,15,15,15,15,15,15,15,15,15,15,15,15,15,15,15,15,15,15,15,15,15,15,15,15,15,15,15,15,15,15,15,15,15,15,15,15,15,15,15,15,15,15,15,15,15,15,15,15,15,15,15,15,15,15,15,15,15,15,16,15,15,15,15,15,15,15,15,15,15,15,16,16,16,16,16,16,16,16,16,16,20,17,16,16,16,19,16,16,18,16,16,17,16,16,22,16,17,16,16,16,18,16,21,16,28,17,18,26,16,28,16,30,16,17,16,16,18,18,16,16,16,16,16,16,16,16,16,16,16,16,16,16,16,16,16,16,16,16,16,16,16,16,16,16,22,16,16,16,16,16,16,21,16,16,16,17,16,16,16,18,16,16,16,20,16,16,17,16,16,18,18,16,17,16,16,16,16,16,16,16,16,17,27,16,26,16,16,29,16,16,16,16,16,16,16,16,16,16,16,16,16,16,16,16,16,16,16,16,16,16,16,16,16,16,16,16,16,16,16,16,16,16,16,16,16,16,16,16,16,16,16,16,16,16,16,16,16,16,16,16,16,16,16,16,16,16,16,16,16,16,16,16,16,16,16,16,16,16,16,16,16,16,16,16,16,16,16,16,16,16,16,16,16,16,16,16,16,16,16,16,16,16,16,16,16,16,16,16,16,16,16,16,16,16,16,16,16,16,16,16,16,16,16,16,16,16,16,16,16,16,16,16,16,16,16,16,16,16,16,16,16,16,16,16,16,16,16,16,16,16,16,16,16,16,16,16,16,16,16,16,16,16,16,16,16,16,16,16,16,16,16,16,18,16,16,16,16,16,16,16,16,16,16,16,16,16,16,16,16,16,16,16,16,16,16,16,16,16,16,16,16,16,16,16,16,16,16,16,16,16,16,16,16,16,16,16,16,16,16,16,16,16,16,16,16,16,16,16,16,16,16,16,16,16,16,16,16,16,16,16,16,16,16,16,16,16,16,16,16,16,16,16,16,16,16,16,16,16,16,16,16,16,16,16,16,16,16,16,16,16,16,16,16,16,16,16,16,16,16,16,16,16,16,16,16,16,16,16,16,16,16,16,16,16,16,16,16,16,16,16,16,16,16,16,16,16,16,16,16,16,16,16,16,16,16,16,16,16,16,16,18,16,16,16,16,16,16,16,16,16,16,16,16,16,16,16,16,16,16,16,16,16,16,16,16,16,16,16,16,16,16,16,16,16,16,16,16,16,16,16,16,16,16,16,16,16,16,16,16,16,16,16,16,16,16,16,16,16,16,16,16,16,16,16,16,16,16,16,16,16,16,16,16,16,16,16,16,16,16,16,16,16,16,16,16,16,16,16,16
3,2,1,1,1,2,2,1,2,4,2,3,3,2,2,1,2,6,3,3,3,2,3,3,4,2,2,2,5,6,8,8,3,9,6,5,7,6,13,5,4,9,48,3,3,7,3,5,3,4,3,7,4,4,7,6,7,8,6,4,6,6,6,6,73,12,8,42,12,4,8,6,8,5,11,6,7,12,7,10,6,6,7,8,12,10,19,8,8,18,75,20,18,16,11,21,7,11,7,7,8,9,8,9,9,12,8,8,8,12,10,12,8,8,15,8,10,17,12,12,9,13,14,15,9,14,12,8,112,23,15,15,11,12,12,11,15,8,16,14,14,11,8,8,9,19,13,8,9,11,12,11,13,10,16,10,12,46,28,19,24,15,25,18,17,23,16,13,18,13,21,15,15,21,12,14,11,11,11,13,12,19,12,15,12,94,35,30,35,30,20,36,21,18,27,24,31,24,13,16,14,30,24,16,20,17,23,20,21,27,26,31,32,37,25,24,20,32,18,91,47,40,27,25,35,24,41,33,24,55,20,35,25,22,17,33,25,30,21,32,31,19,66,24,28,28,25,23,22,21,22,23,29,19,18,19,26,24,19,17,23,25,22,27,16,18,16,27,19,22,22,23,18,21,15,20,20,26,16,106,44,40,32,35,36,40,30,98,27,32,30,18,31,38,36,15,30,38,26,20,27,20,32,16,44,15,17,24,15,15,17,30,15,14,15,15,15,15,15,15,15,15,15,15,15,15,15,15,15,15,15,15,15,15,15,15,15,15,15,15,15,15,16,15,15,15,15,15,15,15,15,15,15,15,15,15,17,15,15,15,15,15,15,15,15,15,15,15,15,16,16,16,16,16,16,16,16,16,16,16,16,16,16,16,16,16,16,16,16,16,16,16,16,16,16,16,16,16,16,16,24,15,15,15,15,17,17,15,15,15,15,15,18,17,17,15,15,18,16,15,30,19,32,16,17,15,15,15,15,15,15,21,15,16,15,15,15,15,15,15,15,15,15,15,15,15,15,15,15,15,15,15,15,15,15,15,15,15,15,15,15,15,15,16,16,20,16,18,16,18,23,16,16,18,16,16,16,16,20,18,16,29,19,23,18,17,21,19,20,17,22,19,19,19,21,21,16,21,20,16,16,25,20,35,25,17,24,23,16,17,26,22,16,16,19,27,28,16,16,16,33,17,25,16,16,16,16,16,16,16,16,16,16,16,16,16,16,16,16,16,16,19,16,16,16,16,16,16,16,16,16,16,16,16,16,16,16,16,16,16,16,18,16,16,16,16,16,16,16,16,16,18,16,16,16,16,16,16,16,16,16,16,16,16,16,16,16,16,16,16,16,16,16,16,16,16,16,16,16,16,16,16,16,16,16,16,16,16,16,16,16,16,16,16,16,16,16,16,16,16,16,16,16,16,16,16,16,16,16,16,16,16,16,16,16,16,16,16,16,16,16,16,16,16,16,16,16,16,16,16,16,16,16,16,16,16,16,16,16,16,16,16,16,16,16,16,16,16,16,16,16,16,16,16,16,16,16,16,18,16,16,16,16,16,16,16,16,16,16,16,16,16,16,16,16,16,16,16,16,16,16,16,16,16,16,16,16,16,16,16,16,16,16,16,16,16,16,16,16,16,16,16,16,16,16,16,16,16,16,16,16,16,16,16,16,16,16,16,16,16,16,16,16,16,16,16,16,16,16,16,16,16,16,16,16,16,16,16,16,16,16,16,18,16,16,16,16,16,16,16,16,16,16,16,16,16,16,16,16,16,16,16,16,16,16,16,16,16,16,16,16,16,16,16,16,16,16,16,16,16,16,16,18,16,16,16,16,16,16,16,16,16,16,16,16,16,16,16,16,16,16,16,16,16,16,16,16,16,16,16,16,16,16,16,16,16,16,16,16,16,16,16,16,16,16,16,16,16,16,16,16,16,16,16,16,16,16,16,16,16,16,16,16,20,16,15,16,18,16,16,16,16,16,16,16,16,16,16,16,16,16,16,16,16,16,16,16,16,16,16,16,16,16,16,16,16,16,16,16,16,16,16,16,16,16,16,16,16,16,16,16,16,16,16,16,16,16,16,16,16,16,16,16,16,16,16,16,16,16,16,16,16,16,16,16,16,18,16,16,16,16,16,16,16,16,16,16,16,16,16,16,16,16,16,16,16,16,16,16,16,16,16,16,16,16,16,16,16,16,16,16,16,16,16,16,16,16,16,16,16,16,16,16,16,16,16,16,16,16,16,16,16,16,16,16,16,16,16,16,16
1,1,1,2,1,2,4,1,6,2,3,2,1,2,3,2,2,8,4,3,2,5,2,2,2,2,3,5,5,4,2,2,7,7,6,3,4,5,7,5,3,10,5,5,7,3,4,9,8,12,6,3,109,19,4,6,5,4,11,5,5,5,6,7,5,6,7,8,7,10,15,5,9,9,9,7,7,9,8,14,8,8,10,8,8,16,19,15,16,15,18,12,20,19,17,16,17,10,17,18,9,16,20,12,24,9,20,16,13,110,43,32,6,31,20,25,6,6,4,11,5,5,6,7,5,6,7,8,6,6,12,9,6,7,7,6,14,18,15,12,10,20,12,8,16,77,18,8,13,10,11,9,13,32,14,9,15,9,9,13,25,10,9,9,14,11,10,10,12,16,17,12,12,11,17,17,12,10,22,14,17,13,11,16,14,11,16,16,17,21,20,19,19,19,17,25,27,18,16,70,22,21,28,37,34,24,26,28,17,22,28,12,27,19,23,30,16,24,14,25,19,16,18,19,13,18,13,13,34,18,15,19,14,15,16,14,19,25,16,15,24,27,19,21,17,25,17,16,27,36,98,24,18,17,26,20,23,36,23,18,26,28,16,22,27,27,18,32,35,19,23,17,32,17,43,17,18,23,24,29,19,33,20,20,27,21,17,24,17,24,20,33,18,20,25,15,15,28,21,18,17,22,20,20,23,16,17,19,21,29,19,20,19,17,26,21,18,18,23,19,23,21,15,18,15,20,22,15,17,19,18,18,15,19,16,15,19,23,17,22,16,17,17,17,20,15,17,15,30,15,15,22,17,28,15,15,15,17,15,15,15,15,15,15,15,15,15,15,15,15,15,15,15,15,15,15,15,15,15,15,15,15,15,15,15,15,17,15,15,15,15,15,15,15,15,15,17,15,15,15,15,15,15,15,15,15,15,15,15,15,15,15,15,15,15,15,15,15,15,15,15,15,15,15,15,15,15,15,15,15,15,18,15,15,15,15,15,15,15,17,15,15,15,15,15,15,15,15,15,15,15,15,15,15,15,15,15,15,15,15,15,15,15,15,15,15,15,15,15,15,15,15,15,15,15,15,15,15,15,15,15,15,15,15,15,15,15,15,15,15,15,15,15,15,15,15,15,15,15,15,15,16,15,15,15,15,15,15,15,15,15,17,15,15,15,15,15,27,15,15,15,15,15,15,15,15,15,15,15,15,15,18,15,15,15,15,15,15,15,15,15,15,15,15,15,15,15,15,15,15,15,15,15,15,15,15,15,15,15,15,15,15,15,15,15,15,18,15,15,15,15,15,15,15,15,15,15,15,15,15,15,15,15,15,15,15,15,15,15,15,15,15,15,15,15,15,15,15,15,15,18,15,15,15,15,15,15,15,15,15,15,15,15,15,15,15,15,15,15,15,15,15,15,15,15,15,15,15,15,15,15,15,15,15,15,15,15,15,15,15,15,15,15,15,15,15,15,15,15,15,15,15,15,15,15,15,15,15,15,15,15,15,15,15,15,15,15,15,15,15,15,15,15,15,15,18,15,15,15,15,15,15,15,15,15,15,15,15,15,15,15,15,15,15,15,15,15,15,15,15,15,15,15,15,15,15,15,15,15,15,15,15,15,15,15,15,24,23,34,25,18,17,23,19,24,17,16,22,19,16,25,16,17,18,25,22,16,17,23,19,16,17,18,23,18,19,40,18,25,17,26,16,33,33,34,23,34,34,37,32,30,33,16,28,32,28,16,31,36,39,17,23,33,16,26,16,26,44,16,25,17,26,16,18,32,16,16,27,16,16,16,16,16,16,16,16,16,16,16,16,16,16,16,16,16,16,16,16,16,16,16,16,16,16,16,16,16,16,16,16,16,16,16,16,16,16,16,16,16,16,16,16,16,16,16,16,16,16,16,16,16,16,16,16,16,16,16,16,16,16,16,16,16,16,16,16,16,16,16,16,16,16,16,16,16,16,16,16,16,16,16,16,16,16,16,16,16,16,16,16,16,16,16,16,16,16,16,16,16,16,16,16,16,16,16,16,16,16,16,16,16,16,16,16,16,16,16,16,16,16,16,16,16,16,16,16,16,16,16,16,16,16,16,16,16,16,16,16,16,16,16,16,16,16,16,16,16,16,16,16,16,16,16,16,16,16,16,16,16,16,16,16,16,16,16,16,16,16,16,16,16,16,16,16,16,16,16,16,16,16,16,16,16,16,16,16,16,16,16,16,16,16,16,16,16,16,16,16,16,16,16,16,16,16,16,16,16,16,16,16
1,2,2,1,1,1,1,2,1,7,2,2,2,2,5,4,2,2,4,2,2,2,2,3,4,3,11,3,8,3,4,5,5,6,8,5,7,11,4,11,7,10,6,13,6,10,6,44,10,16,18,11,18,19,6,14,7,51,8,8,7,7,8,10,8,7,8,44,15,8,9,9,10,14,9,21,9,8,19,8,2,4,11,15,10,13,15,10,10,12,11,77,29,20,11,17,25,20,21,4,5,7,5,3,3,3,8,4,9,4,3,11,10,5,25,7,23,6,6,8,7,9,6,9,6,8,5,10,10,17,9,13,12,9,10,14,13,11,17,11,12,12,13,9,17,10,20,14,13,12,10,22,58,17,15,64,24,24,18,17,13,36,16,16,20,23,15,12,20,14,12,17,14,17,46,9,20,17,14,17,15,16,16,17,15,13,38,56,21,22,17,29,17,30,18,19,18,12,14,16,16,16,15,13,15,13,12,18,13,15,13,10,17,18,70,26,25,30,21,35,27,27,21,87,20,31,19,33,24,34,27,16,29,20,24,28,22,22,21,16,31,23,18,28,15,24,22,19,29,18,26,74,20,23,36,20,34,23,25,27,23,19,24,26,25,17,21,23,18,19,27,19,21,28,22,19,17,23,18,19,23,20,16,24,19,21,15,21,17,16,24,15,22,15,15,18,16,17,15,19,23,23,17,16,15,15,15,15,15,15,15,15,15,15,15,15,15,15,15,15,15,15,15,15,15,17,15,23,15,16,15,15,15,24,15,15,17,19,15,15,15,21,17,15,15,15,19,15,19,15,15,15,15,15,15,15,15,15,15,16,15,15,15,15,15,17,19,15,17,18,17,15,17,16,15,16,15,19,18,25,70,16,36,15,34,15,50,37,15,43,22,40,27,16,36,28,34,37,28,29,15,15,44,15,31,15,27,15,15,30,15,15,42,17,15,28,15,15,15,15,17,15,15,15,15,15,15,15,15,15,15,15,15,15,15,15,15,15,15,15,15,15,15,15,15,15,15,15,15,15,15,15,15,15,15,15,15,15,15,15,15,18,15,15,15,15,15,15,15,15,15,15,15,15,15,15,15,15,15,15,15,15,15,15,15,15,15,15,15,15,15,15,15,15,15,15,15,15,15,15,15,15,15,15,15,15,15,15,15,15,15,15,15,15,15,15,15,15,15,15,15,15,15,15,15,15,15,15,15,15,15,19,19,15,15,15,15,15,15,15,15,17,15,15,15,17,15,15,15,15,15,15,15,15,15,15,15,15,17,15,15,15,15,15,15,15,15,15,15,15,35,15,15,15,15,15,15,15,15,15,15,15,15,18,15,15,15,15,15,15,15,15,15,15,15,15,15,15,15,15,15,15,15,15,15,15,15,15,15,15,15,15,15,15,15,15,15,15,15,15,15,15,15,15,15,15,15,15,15,15,15,15,15,15,15,15,15,15,15,15,15,15,15,15,15,17,15,15,15,15,15,15,15,15,15,24,16,27,21,25,22,17,28,21,21,25,23,17,26,25,22,21,23,24,20,22,17,30,24,18,19,28,26,45,19,30,20,29,16,22,35,24,20,30,25,29,20,29,17,24,17,28,16,28,31,22,16,23,17,31,16,19,16,32,16,16,16,16,21,16,16,16,16,16,16,16,16,16,16,16,16,16,16,16,16,16,16,16,16,16,16,16,16,16,16,16,16,16,16,16,16,16,16,16,16,16,16,16,16,16,16,16,16,16,16,16,16,16,16,16,16,16,16,16,16,16,16,16,16,16,16,16,16,16,16,16,16,16,16,16,16,16,16,16,16,19,16,16,16,16,16,16,18,16,16,16,16,16,16,16,16,16,16,16,16,16,16,16,16,16,16,16,16,16,16,16,16,16,16,16,16,16,16,16,16,16,16,16,16,16,16,16,16,16,16,16,16,16,16,16,16,16,16,16,16,16,16,16,16,16,16,16,16,16,16,16,16,16,16,16,16,16,19,16,16,16,16,16,16,16,16,16,16,16,16,16,16,16,16,16,16,16,16,16,16,16,16,16,16,16,16,16,23,15,15,15,15,15,15,15,15,15,15,15,15,15,15,15,15,15,15,15,15,15,15,15,15,15,15,15,15,15,15,15,15,15,15,15,15,15,15,15,15,15,15,15,15,15,15,15,15,15,15,15,15,15,15,15,15,15,15,15,15,15,15,15,15,15,15,15,15,15,15,15,15,15,15,15,15,15,15,15,15,15,15,15,15,15,15,15,15,15,15,15,15,15,15,15,15,15
5,1,1,2,1,3,2,2,6,2,1,2,1,2,3,2,2,2,2,5,5,2,2,3,6,3,2,2,6,3,4,7,6,5,4,5,3,6,8,9,6,6,15,5,9,13,8,5,6,21,6,7,7,8,72,7,3,19,64,5,3,3,4,5,8,6,3,6,6,4,5,9,11,10,39,9,4,5,9,5,7,8,5,5,5,11,10,10,11,10,14,8,14,17,43,9,16,14,9,13,8,8,7,7,19,11,13,12,18,11,13,9,21,9,9,11,19,17,13,13,15,20,13,17,17,21,11,21,7,15,14,15,21,15,19,15,17,20,77,12,32,29,34,9,26,31,8,7,10,7,11,12,13,7,10,11,8,14,8,13,9,15,10,10,13,10,14,12,13,15,9,10,16,14,11,15,12,16,11,16,18,14,12,17,19,21,11,18,15,24,12,18,19,15,21,22,30,20,22,27,13,15,61,24,25,23,23,23,27,27,32,29,22,25,16,37,22,20,18,16,34,80,39,19,23,23,24,21,27,20,32,21,25,23,31,17,21,18,30,112,25,37,42,52,23,32,24,37,23,21,33,32,16,29,36,31,16,28,22,29,24,29,19,32,19,19,28,32,25,30,17,32,27,15,34,35,17,23,33,15,50,37,20,22,20,15,21,19,15,19,29,23,17,23,23,17,70,15,35,15,15,15,26,15,19,16,15,15,15,15,15,15,15,15,15,15,15,15,15,17,15,15,15,15,15,15,15,15,15,15,15,15,15,15,15,15,15,15,15,15,16,15,16,15,15,15,15,15,15,15,15,15,15,15,15,15,15,15,15,15,15,15,15,15,15,15,15,15,15,15,15,15,15,15,15,15,15,15,15,15,15,15,15,18,15,15,15,15,15,15,15,15,15,15,15,15,15,15,16,16,16,16,16,16,18,16,18,16,16,16,20,16,16,16,16,20,16,19,16,16,18,18,18,18,17,18,19,18,16,71,20,16,31,31,16,16,19,16,18,28,16,16,37,17,34,26,16,40,16,16,16,16,16,17,19,16,18,16,16,16,16,18,16,16,16,18,17,16,16,16,18,16,19,16,16,18,17,16,28,21,17,16,45,16,16,18,29,15,15,16,70,15,15,15,15,19,15,15,15,15,15,15,15,15,15,15,15,15,15,15,15,15,15,15,15,15,15,15,15,15,15,15,15,15,15,15,15,15,15,15,15,15,15,15,15,15,15,17,15,15,15,15,15,15,15,15,15,15,15,17,15,15,15,15,15,15,15,15,15,15,15,15,15,15,15,15,15,15,15,15,15,15,15,15,15,15,15,15,15,15,15,15,15,15,15,15,15,15,15,15,15,15,15,15,15,15,15,15,15,15,15,15,15,15,15,15,15,15,15,15,15,15,15,15,15,15,15,15,15,15,15,15,15,15,15,15,15,15,15,15,15,15,15,15,15,15,15,15,15,15,15,15,15,15,15,15,15,15,15,15,15,15,15,15,15,15,15,15,15,15,15,15,15,15,15,15,15,15,15,15,15,15,15,15,15,15,15,15,17,15,15,15,15,15,15,15,15,15,15,15,15,15,15,15,15,15,15,15,15,15,15,15,15,15,15,15,15,15,15,15,15,15,15,15,15,15,15,15,15,15,15,15,15,15,15,15,15,15,15,15,15,15,15,15,15,15,15,15,15,15,15,15,15,15,15,15,15,15,15,15,15,15,15,15,15,15,15,15,15,15,15,15,17,15,15,15,15,15,15,15,15,15,15,15,15,15,15,15,15,15,15,15,15,15,15,15,15,15,15,15,15,15,15,15,15,15,15,15,15,15,15,15,15,15,15,15,15,15,15,15,15,15,15,15,15,15,15,15,15,15,15,15,15,15,15,15,15,15,15,15,15,15,15,15,15,15,15,15,15,15,15,15,15,15,15,15,15,15,15,15,15,15,15,15,15,15,15,15,15,15,15,15,15,15,15,15,15,15,15,15,15,15,15,15,15,15,15,15,15,15,15,15,15,15,15,15,15,15,15,15,15,15,15,15,15,15,15,15,15,15,15,15,15,15,15,15,15,15,15,15,15,15,15,15,15,15,15,15,15,15,15,15,15,15,15,15,15,15,15,15,15,15,15,15,15,15,15,15,15,15,15,15,15,15,15,15,15,15,15,15,15,15,15,15,15,15,15,15,15,15,15,15,15,15,15,15,15,15,15,15,15,15,15,15,15,15,15,15,15,15,15,15,15,15,15,15,15,15,15,15,15,15,15,15,15,15,15,15,15,15
2,1,1,2,3,2,6,1,1,7,2,7,5,3,2,2,2,4,2,2,2,2,3,3,5,3,2,6,3,3,7,5,5,5,3,5,9,5,4,6,5,7,3,6,4,7,7,11,5,8,4,4,8,6,5,12,8,5,8,8,6,5,14,6,17,23,11,15,10,19,10,34,12,13,12,10,10,16,6,7,8,12,7,5,6,5,6,29,12,14,6,12,13,10,8,8,12,10,9,11,8,10,13,14,13,24,10,8,6,8,10,13,9,17,66,16,52,19,10,21,58,16,19,14,11,22,9,10,51,13,12,9,18,48,13,33,14,11,72,28,141,28,11,30,35,17,24,9,17,21,13,26,11,10,11,14,12,14,12,15,10,17,11,11,10,10,20,16,14,14,17,16,15,18,27,12,26,13,18,31,54,16,27,21,22,17,19,15,15,22,17,89,33,19,14,21,29,20,18,18,44,28,14,23,27,16,22,22,14,32,27,18,15,26,24,37,21,17,13,20,23,22,16,11,19,16,14,14,17,16,19,15,14,17,16,15,15,15,19,13,15,15,21,91,24,25,82,16,20,14,15,15,16,15,43,17,21,18,19,18,24,27,22,22,25,22,25,20,25,18,18,18,26,32,25,22,31,16,19,31,23,21,17,23,35,34,22,25,30,19,36,16,108,47,44,44,14,44,29,39,16,33,41,17,29,35,17,38,30,17,18,37,26,47,20,22,15,37,23,15,34,15,28,36,15,31,15,15,15,17,15,17,15,15,15,15,15,15,15,15,15,15,15,15,15,15,15,15,15,15,15,15,15,15,15,15,15,15,15,15,15,15,15,15,15,17,15,15,15,15,15,15,17,15,15,15,15,15,15,15,15,15,15,15,15,15,26,15,15,15,15,15,15,15,15,15,15,15,15,15,15,15,15,15,15,15,15,15,15,15,15,15,15,15,15,15,15,15,15,15,15,15,15,15,15,15,15,15,15,15,15,15,15,15,15,15,15,15,15,15,15,15,15,15,15,15,15,15,15,15,15,15,15,15,15,15,15,15,15,15,15,15,15,15,15,15,15,15,15,15,15,15,15,15,15,15,15,15,15,15,15,15,15,15,15,15,17,15,15,15,15,15,15,15,15,15,15,15,15,15,15,15,15,15,15,15,15,15,15,15,15,15,15,15,15,15,15,15,15,15,15,15,15,15,15,15,15,15,15,15,15,15,15,15,15,15,15,15,15,15,15,15,15,15,15,15,15,15,15,15,15,15,15,15,15,15,15,15,15,15,15,17,15,15,15,15,15,15,15,15,15,15,15,15,15,15,15,15,15,15,17,15,15,15,15,15,15,15,15,15,15,15,15,15,15,15,15,15,15,15,15,15,15,15,15,15,15,15,15,15,15,15,15,15,15,15,15,15,15,15,15,15,15,15,15,15,15,15,15,15,15,15,15,15,15,15,15,15,15,15,15,15,15,15,15,15,15,15,15,15,15,15,15,15,15,15,15,15,15,15,15,15,15,15,15,15,15,15,15,15,15,15,15,15,15,15,15,15,15,15,15,15,15,15,15,15,15,15,15,15,15,15,15,15,17,15,15,15,15,15,15,15,15,15,15,15,15,15,15,15,15,15,15,15,15,15,15,15,15,15,15,15,15,15,15,15,15,15,15,15,15,15,17,15,15,15,15,15,15,15,15,16,16,16,16,16,16,16,16,16,16,16,16,18,17,16,16,16,16,18,18,16,18,16,16,18,16,17,19,25,16,17,17,34,16,19,32,16,17,23,16,31,16,16,18,17,16,20,18,18,16,16,16,16,18,16,16,16,17,16,16,16,19,16,18,16,17,19,18,16,31,16,16,16,16,25,16,16,16,16,16,16,16,16,16,16,16,16,16,16,16,16,16,16,16,16,16,16,16,16,16,16,16,16,18,16,16,16,16,16,18,16,16,18,16,16,16,16,16,17,16,16,17,16,16,26,16,16,16,16,16,16,16,16,16,16,16,16,16,16,16,16,16,16,16,16,16,16,16,16,16,16,16,16,16,16,16,16,16,16,16,16,16,16,16,16,16,16,16,16,16,16,16,16,16,16,16,16,16,16,16,16,16,16,16,16,16,16,16,16,16,16,16,16,16,16,16,16,16,16,16,16,16,16,16,16,16,16,16,16,16,16,16,16,16,16,16,16,16,16,16,16,16,16,16,16,16,16,16,16,16,16,16,16,16,16,16,16,16,16,16,16,16,16,16,16,16,16,16,19,16,16,16,16,16,16,16,16,16,16
3,4,2,1,3,3,1,1,3,1,2,2,1,2,5,4,4,2,2,2,5,3,2,2,4,7,3,5,5,7,4,4,6,4,3,6,9,7,8,3,6,3,4,4,8,13,8,4,6,4,5,7,4,4,4,7,6,7,16,10,6,7,9,72,6,10,9,9,7,6,11,8,54,7,6,7,11,10,7,6,13,6,8,9,7,9,17,10,9,15,8,8,12,8,12,15,12,8,12,11,10,9,9,10,15,12,47,76,5,36,13,56,21,30,14,16,16,24,12,7,10,10,7,6,12,7,10,9,8,15,10,13,13,11,9,14,15,15,19,14,14,19,17,14,19,14,15,16,15,22,13,12,18,97,138,43,32,39,23,32,24,24,28,17,18,25,21,16,18,17,19,40,17,18,23,15,23,17,13,13,13,15,15,18,17,19,14,14,14,21,20,15,20,19,22,26,71,29,26,29,18,26,29,22,26,26,21,21,25,25,28,17,25,19,14,107,17,31,26,15,19,31,16,28,19,14,32,15,18,17,19,35,19,25,13,13,14,16,16,20,16,19,17,23,20,15,16,17,17,20,15,49,21,55,18,27,26,17,17,16,17,15,15,15,19,21,18,15,24,17,20,23,17,23,17,21,32,28,24,18,15,27,28,17,30,24,22,15,21,28,21,21,17,18,18,27,18,25,20,18,16,21,23,15,15,19,23,27,15,15,20,15,16,15,15,15,15,15,15,15,15,15,15,15,15,15,15,15,15,15,15,15,15,15,15,15,15,15,15,15,16,18,16,16,16,16,16,16,15,16,16,16,16,16,16,16,16,16,18,16,17,18,18,16,16,16,19,19,18,19,20,16,17,17,19,18,16,19,26,19,25,39,22,31,17,24,29,27,27,38,28,27,42,34,29,37,37,36,27,37,20,39,16,32,35,16,20,37,17,31,16,40,16,29,16,32,16,16,16,30,16,16,16,16,16,16,16,16,16,16,16,16,16,16,16,16,16,16,16,16,16,34,16,16,16,16,16,16,16,16,16,18,16,16,18,17,16,16,16,16,16,18,16,16,16,16,18,16,20,16,16,17,16,16,16,19,16,23,20,16,27,17,16,16,36,16,26,16,16,16,16,16,16,16,16,16,16,16,16,16,16,16,16,16,16,16,16,16,16,16,16,16,16,16,16,16,16,16,16,16,18,16,16,16,16,18,16,16,16,16,16,16,16,16,16,16,16,16,16,16,16,16,16,16,16,16,16,16,16,16,16,16,16,16,16,16,16,16,16,16,16,16,16,16,16,16,16,16,16,16,16,16,16,16,16,16,16,16,16,16,16,16,16,16,16,16,16,16,16,16,16,16,16,16,16,16,16,16,16,16,16,16,16,16,16,16,16,16,16,16,16,16,16,16,16,16,16,16,16,16,16,16,16,16,16,16,16,16,16,16,16,16,16,16,16,16,16,16,16,16,16,16,16,16,16,16,20,16,16,16,16,22,16,22,18,18,18,18,16,16,17,16,20,21,16,16,18,16,38,17,18,19,18,16,22,16,18,29,16,27,16,16,31,17,16,16,16,16,16,16,16,16,16,16,16,16,16,16,16,16,16,16,16,16,16,16,16,16,16,16,16,16,16,16,16,16,16,16,16,16,16,16,16,16,16,16,16,16,16,16,16,16,16,16,16,19,16,16,16,16,16,16,16,16,16,16,16,16,16,16,16,16,16,16,16,16,16,16,16,16,16,16,16,16,16,16,16,16,16,16,16,16,16,16,16,16,16,16,16,16,16,16,16,16,16,16,16,16,16,16,16,16,16,16,16,16,16,16,16,16,16,16,16,16,16,16,16,16,16,16,16,16,16,16,16,16,16,16,16,16,16,16,16,16,16,16,16,16,16,16,16,16,16,16,16,16,16,16,16,16,16,16,16,16,16,16,16,16,16,16,16,16,16,16,16,16,16,16,16,16,16,16,16,16,16,16,16,16,16,16,16,16,16,16,16,16,16,16,16,16,16,16,16,16,16,16,16,16,16,16,16,16,16,16,16,16,16,16,16,16,16,16,16,16,16,16,16,16,16,16,16,16,16,16,16,16,16,16,16,16,16,16,16,16,16,16,16,16,16,16,16,16,16,16,16,16,16,16,16,16,16,16,16,16,16,16,16,16,16,16,16,16,16,16,16,16,16,16,16,16,16,16,16,16,16,16,16,16,16,16,16,16,16,16,16,16,16,16,16,16,16,16,16,16,16,16,16,16,16,16,16,16,16,16,16,16,16,16,16,16
1,2,1,1,2,1,1,2,3,4,3,2,3,3,4,2,3,6,2,2,3,3,4,2,2,8,2,3,3,3,5,7,6,14,4,10,5,14,7,5,7,8,9,15,7,14,44,2,3,6,3,3,3,6,8,3,3,21,3,4,7,7,4,4,7,4,7,9,8,9,11,6,5,7,5,8,12,7,8,8,5,12,14,10,7,9,11,7,11,10,8,13,14,11,14,13,15,24,91,7,7,20,26,16,18,26,7,7,15,13,10,7,6,10,7,6,13,31,13,10,15,11,23,13,13,13,11,13,9,13,14,13,20,15,9,10,12,10,16,17,10,13,16,17,13,23,15,9,15,13,16,12,15,17,12,15,62,16,29,21,18,21,19,50,15,30,29,28,21,30,19,18,35,26,17,18,15,26,23,22,24,17,12,23,24,16,18,16,35,67,16,17,32,12,37,26,13,29,19,15,69,48,24,11,22,18,20,15,21,15,21,12,37,19,20,15,17,13,9,13,15,16,17,14,13,17,20,13,16,20,21,16,17,22,24,23,21,25,16,19,20,17,20,21,20,23,25,22,25,25,33,18,18,25,33,22,46,42,20,26,23,33,21,35,27,22,30,26,19,24,30,16,35,23,21,24,24,17,21,26,24,30,30,20,20,18,29,23,18,26,22,21,28,30,26,19,23,20,24,20,35,19,23,19,20,22,22,18,17,19,23,23,18,24,23,18,29,22,18,18,18,18,20,18,32,16,16,30,16,19,16,31,16,18,16,28,16,16,16,27,20,16,16,17,33,15,15,13,28,17,20,27,24,29,16,27,16,24,23,16,18,21,18,19,18,16,20,19,20,20,21,16,21,41,19,16,37,16,33,24,20,35,19,32,33,30,16,35,26,41,28,30,35,31,35,18,33,36,32,16,36,37,16,37,17,35,16,18,20,25,16,41,15,30,15,15,18,15,49,15,15,43,15,15,15,15,15,15,15,15,15,15,15,15,15,15,15,15,15,15,15,15,15,15,15,15,15,15,15,15,15,15,15,15,15,15,15,15,15,15,15,15,15,15,15,15,15,15,15,15,15,15,15,15,15,15,15,15,15,15,15,15,15,15,15,15,15,15,15,15,15,15,15,15,15,15,15,15,15,15,15,15,15,15,15,15,15,15,15,15,15,15,15,15,15,15,15,15,15,15,15,15,15,15,15,15,15,15,15,15,15,15,15,15,15,15,15,15,15,15,15,15,15,15,15,15,15,15,15,15,15,15,18,15,15,15,15,15,15,15,15,15,15,15,15,15,15,15,15,15,15,15,15,15,15,15,15,15,15,15,15,15,15,15,15,15,15,15,15,15,15,15,15,15,15,15,15,15,15,15,15,15,15,15,15,15,15,15,15,15,15,15,15,15,15,15,15,15,15,15,15,15,15,15,15,15,15,15,15,15,15,15,15,15,15,15,15,15,15,15,15,15,15,15,15,15,15,15,15,15,15,15,15,15,15,15,15,15,15,15,15,15,15,15,15,15,15,15,15,15,15,15,15,15,15,15,15,15,15,15,15,15,15,15,15,15,15,15,15,15,15,15,15,15,15,15,15,15,15,15,29,15,15,15,15,15,15,15,15,15,15,15,15,15,15,15,15,15,15,15,15,15,15,15,15,15,15,15,15,15,15,15,15,15,15,15,15,15,15,15,15,15,15,15,15,15,15,15,15,15,15,15,15,15,15,15,15,15,15,15,15,15,15,15,15,15,15,15,15,15,15,15,15,15,15,15,18,15,15,15,15,15,15,15,17,15,15,15,15,15,15,15,15,15,15,15,15,15,15,15,15,15,15,15,15,15,15,15,15,15,15,15,15,15,15,15,15,15,15,15,15,15,15,15,15,15,15,15,15,15,15,15,15,15,15,15,15,15,15,15,15,15,15,15,15,15,15,15,15,15,15,15,15,15,18,15,15,15,15,15,15,15,15,15,15,15,15,15,15,15,15,15,15,15,15,15,15,15,15,15,15,15,15,15,15,15,27,15,15,15,15,15,15,15,15,15,15,15,15,15,15,15,15,15,15,15,15,15,15,15,15,15,15,15,15,15,15,15,15,15,15,15,15,15,15,15,15,15,15,15,15,15,15,15,15,15,15,15,15,15,15,15,15,15,15,15,15,15,15,15,15,15,15,15,15,15,15,15,15,15,15,15,15,15,15,15,15,15,15,15,15,15,15,15,15,15,15,15,15,15,15,15,15,15,15,15,15,15,15,15,15,15,15,15,15,15,15,15,15,15
1,2,3,1,1,1,2,1,2,2,2,1,2,2,2,3,2,4,3,4,2,2,2,2,3,3,3,2,5,3,3,2,5,10,3,3,3,4,9,5,5,3,4,9,8,3,6,7,4,10,7,3,13,7,51,27,7,7,10,4,5,4,6,5,15,7,7,4,10,10,6,8,6,8,8,11,7,6,6,8,7,7,8,9,14,7,8,12,11,14,8,8,8,17,12,12,87,18,23,11,13,5,6,6,5,9,6,8,8,6,9,7,9,6,12,7,6,8,10,11,9,12,9,9,7,11,12,10,11,16,8,13,12,11,12,12,11,12,15,18,41,22,88,15,19,19,24,23,12,21,13,23,15,15,12,15,11,16,10,18,16,15,9,14,11,10,11,11,11,11,12,11,17,11,24,12,17,18,17,12,19,16,17,11,13,13,16,11,12,16,13,14,13,14,24,15,13,22,17,13,14,19,13,112,46,8,34,16,42,18,20,25,21,32,17,35,21,20,22,24,24,15,25,26,18,33,82,28,30,33,21,20,6,37,30,24,32,41,33,39,27,30,19,56,39,25,24,42,31,73,25,17,20,32,29,24,23,29,17,19,30,25,21,19,24,17,25,21,22,21,18,25,27,15,17,15,27,25,17,21,20,17,18,20,19,19,34,16,25,23,15,19,18,17,24,19,32,24,16,24,15,15,37,17,25,21,15,26,15,15,27,15,15,15,23,15,15,15,15,15,15,15,15,15,15,15,15,15,15,15,15,15,15,15,15,15,15,15,15,15,15,15,15,15,15,15,15,15,15,15,15,15,17,15,15,15,15,15,15,15,15,15,15,15,15,15,15,15,15,15,15,15,15,15,15,15,15,15,15,15,15,15,15,15,15,15,15,15,15,15,17,15,15,15,15,15,15,15,15,16,15,15,15,15,15,15,16,34,17,15,15,15,15,15,15,15,15,15,15,15,15,15,15,15,15,15,15,15,15,15,15,15,15,15,15,15,15,15,15,15,15,15,17,15,15,15,16,15,17,15,15,15,15,15,15,15,15,15,15,15,15,15,15,15,15,15,15,15,15,15,15,15,15,15,15,15,15,15,15,15,15,15,15,15,15,15,15,15,15,15,15,15,15,15,15,15,15,15,15,15,15,15,15,15,15,15,15,15,15,15,15,15,15,15,15,15,15,15,15,15,15,15,15,15,15,15,15,15,15,15,15,15,15,15,15,15,15,15,15,15,15,15,15,15,15,15,15,15,15,15,15,15,15,15,15,15,15,15,15,15,15,15,15,15,15,15,15,15,15,15,15,15,15,15,15,15,15,15,15,15,15,15,34,16,18,42,42,30,38,25,20,31,22,20,32,23,22,19,30,21,16,32,24,20,22,22,21,24,30,68,38,20,47,25,23,39,16,37,36,37,32,34,32,19,37,30,29,19,41,20,28,28,29,35,30,22,20,25,35,16,21,23,27,18,21,18,29,30,18,25,17,23,16,19,21,16,20,16,16,16,16,16,16,16,16,16,16,16,16,16,16,16,16,16,16,18,16,16,16,16,16,16,16,16,16,16,16,16,16,16,16,16,16,16,16,16,16,16,16,16,16,16,16,16,16,16,16,16,16,16,16,16,16,16,16,16,16,16,16,16,16,16,16,16,16,16,16,16,16,16,16,16,16,16,16,16,16,16,16,16,16,16,16,16,16,16,16,19,16,16,16,16,16,16,16,16,16,16,16,16,16,16,16,16,16,16,16,16,16,16,16,16,16,16,16,16,16,16,16,16,16,16,16,16,16,16,16,16,16,16,16,16,16,16,16,16,16,16,16,16,16,16,16,16,16,16,16,16,19,16,18,16,16,16,16,16,16,16,16,16,16,16,16,16,16,16,16,16,16,16,16,16,16,16,16,16,16,16,16,16,16,16,16,16,16,16,16,16,16,16,16,16,16,16,16,16,16,16,16,16,16,16,16,16,16,16,16,16,16,16,16,16,16,16,16,16,16,16,16,16,16,16,16,16,16,16,16,16,16,16,16,16,16,16,16,16,16,16,16,16,16,16,16,16,16,16,16,16,16,16,16,16,16,16,16,16,16,16,16,16,16,16,16,16,16,16,16,16,16,16,16,16,16,16,16,16,16,16,16,16,16,16,16,16,16,16,16,16,16,16,16,16,16,16,16,16,16,16,16,16,16,16,16,16,16,16,16,16,16,16,16,16,16,16,16,16,16,16,16,16,16,16,16,16,16,16,16,16,16,16,16,16,16,16,16,16,16,16,16,16
1,3,2,4,1,1,2,2,1,2,1,4,2,2,2,2,4,4,4,2,4,2,2,2,4,1,6,3,3,5,3,11,5,5,3,3,3,3,3,4,6,3,4,38,40,10,6,6,9,4,4,5,5,4,4,5,5,5,6,7,12,6,6,7,8,8,10,8,5,17,12,7,9,7,7,5,4,5,7,4,6,23,43,10,7,10,8,4,8,8,7,11,6,3,7,9,8,7,6,18,16,9,19,26,14,10,14,14,10,17,34,29,130,20,70,35,44,19,36,20,17,13,8,12,11,17,11,9,9,16,10,10,10,9,15,11,10,12,11,10,17,13,11,14,15,10,12,18,14,11,16,14,11,15,21,19,19,18,20,17,22,17,26,18,17,26,18,22,17,23,45,17,18,13,35,21,13,28,34,27,15,17,21,28,34,11,25,19,10,15,28,11,16,13,18,11,17,14,13,15,15,16,12,17,12,13,16,13,19,13,17,21,17,13,78,26,22,20,33,55,15,14,19,15,16,20,19,27,21,15,24,17,18,26,24,17,21,18,31,16,19,27,21,25,16,19,27,22,29,16,20,26,83,20,21,31,30,28,17,40,15,29,19,39,16,26,36,28,26,19,17,34,15,18,32,25,28,43,62,38,22,28,45,26,34,32,20,31,29,25,26,28,42,51,59,21,21,88,69,16,55,44,19,43,15,47,44,20,49,23,52,15,49,25,27,59,24,40,20,38,15,39,16,17,36,33,18,41,17,19,32,16,16,45,18,20,17,17,17,36,15,41,19,16,15,38,15,19,15,15,19,15,15,15,15,15,15,15,15,15,15,15,15,15,15,15,15,15,15,15,15,15,15,15,15,15,15,15,17,15,15,15,15,15,15,15,15,18,15,15,15,15,15,15,15,15,15,15,15,15,15,15,15,15,15,15,15,15,15,15,15,15,15,15,15,15,15,15,15,15,15,15,15,15,15,15,15,15,15,15,15,15,15,15,15,15,15,15,15,15,15,15,15,15,15,15,15,15,15,15,15,15,15,15,15,15,15,15,15,15,15,15,15,15,15,15,15,15,15,15,15,15,15,15,15,15,15,15,15,15,15,15,15,15,15,15,15,15,15,15,15,15,15,15,15,15,15,15,15,15,15,15,15,15,15,15,15,15,15,15,15,15,15,15,15,15,15,15,15,15,15,15,15,15,15,15,15,15,15,15,15,15,15,15,15,15,15,15,15,15,15,15,15,15,15,15,15,15,15,15,15,15,15,15,15,15,15,15,15,15,15,15,15,15,15,15,15,15,15,14,15,15,15,15,15,15,15,15,15,15,15,15,15,15,15,15,15,15,15,15,15,15,15,15,15,15,15,15,15,15,15,15,15,15,15,15,15,15,15,15,15,15,15,15,15,15,15,15,15,15,15,15,15,15,15,15,15,15,15,15,15,15,15,15,15,15,15,15,15,15,15,15,15,15,15,15,18,15,15,15,15,15,15,15,15,18,15,15,15,15,15,15,15,15,15,15,15,15,15,15,15,15,15,15,15,15,15,15,15,15,15,15,15,15,15,15,15,15,15,15,15,15,15,15,15,15,15,15,15,15,15,15,15,15,15,15,15,15,15,15,15,15,15,15,15,15,15,15,15,15,15,15,15,15,15,15,15,15,15,15,15,15,15,15,15,15,17,15,15,15,15,15,15,15,15,15,15,15,15,15,15,15,15,15,15,15,15,15,15,15,15,15,15,15,15,15,15,15,15,15,15,15,15,15,15,15,15,15,15,15,15,15,15,15,15,15,15,15,15,15,15,15,15,15,15,15,17,15,15,15,15,15,15,15,15,15,15,15,15,15,15,15,15,15,15,15,15,15,15,15,15,15,15,15,15,15,15,15,15,15,15,15,15,15,15,15,15,15,15,15,15,15,15,15,15,15,15,15,15,15,15,15,15,15,15,15,15,15,15,15,15,15,15,15,15,15,15,15,15,15,15,15,15,15,15,15,15,15,15,15,15,15,15,15,15,15,15,15,15,15,15,15,15,15,15,15,15,15,15,17,15,15,15,15,15,15,15,15,15,15,15,15,15,15,15,15,15,15,15,15,15,15,15,15,15,15,15,15,15,17,15,15,15,15,15,15,15,15,15,15,15,15,15,15,15,15,15,15,15,15,15,15,15,15,15,15,15,15,15,15,15,15,15,15,15,15,15,15,15,15,15,15,15,15,15,15,15,15,15,15,15,17,15,15,15,15,15,15,15,15,15,15,15,15,15,15,15,15,15,15
1,1,1,3,1,2,2,1,2,2,2,2,3,2,2,3,5,5,3,2,2,3,2,2,3,3,4,8,3,3,7,3,3,4,3,2,6,6,5,3,5,3,11,3,7,4,4,8,8,4,8,5,13,7,6,10,6,4,7,11,38,12,4,7,14,25,6,7,15,6,20,8,8,12,71,29,7,5,9,6,6,7,8,6,5,5,9,7,12,13,7,13,8,12,11,9,8,9,10,18,13,11,14,59,20,18,20,40,51,9,12,14,7,8,14,6,10,8,15,12,8,86,11,7,9,8,8,9,12,11,16,22,17,12,23,10,14,12,12,14,15,11,13,13,14,16,11,11,14,14,13,17,22,24,21,12,10,35,19,23,18,19,27,25,21,17,17,21,20,22,12,16,17,21,31,17,22,19,16,24,20,21,23,16,28,15,24,13,26,18,16,16,19,25,17,18,21,19,17,31,23,23,24,28,31,21,20,30,16,32,23,16,27,122,21,33,14,36,39,18,17,28,22,31,27,14,39,23,18,18,19,17,14,14,19,23,17,18,26,18,104,34,137,61,54,36,52,18,27,60,37,40,37,23,27,41,24,36,29,31,27,34,29,32,39,22,25,18,23,32,25,24,27,23,28,31,23,25,27,18,26,22,24,17,25,38,27,21,28,30,27,20,32,25,20,30,26,35,35,23,26,46,29,45,19,33,26,38,18,28,27,36,29,27,17,28,30,29,26,32,21,34,30,26,30,27,34,29,31,16,25,23,16,31,20,16,16,16,18,16,16,16,16,16,16,16,16,16,16,16,16,16,16,16,16,16,16,16,16,16,16,16,16,16,16,16,16,16,16,16,16,16,16,16,16,16,16,16,16,16,16,16,16,16,16,16,16,16,16,16,16,16,16,16,16,16,16,16,16,16,16,16,16,16,16,16,16,16,16,16,16,16,16,16,16,16,16,16,16,16,16,16,16,16,16,16,16,16,16,16,16,16,16,16,16,16,16,16,16,16,16,16,16,16,16,16,16,16,16,16,16,16,16,16,16,16,16,16,16,16,16,16,16,16,16,16,16,16,16,16,17,17,19,25,21,21,17,17,17,17,17,17,17,17,17,17,17,17,19,19,17,17,20,19,20,17,18,19,19,19,20,17,19,19,20,17,29,19,29,19,34,18,28,27,17,33,31,20,17,25,22,19,17,19,17,17,17,17,17,17,17,17,17,17,17,17,17,17,17,17,17,17,17,17,17,33,17,17,17,25,17,19,17,17,17,17,17,19,19,19,18,17,19,19,20,17,18,19,18,19,24,17,17,32,19,30,17,19,19,19,22,29,17,27,19,17,21,17,17,21,22,17,17,23,17,17,17,17,17,17,17,17,17,17,17,17,17,17,17,17,17,17,17,17,17,17,17,17,17,17,17,17,17,17,17,17,17,17,17,17,17,17,17,17,17,17,17,17,17,17,17,17,17,17,17,17,17,17,17,17,17,17,17,17,17,17,17,17,17,17,17,17,17,17,17,17,17,17,17,17,17,17,17,17,17,17,17,17,17,17,17,17,17,17,17,17,17,17,17,17,17,17,17,17,17,17,17,17,17,17,17,17,17,17,17,17,17,17,17,17,17,17,17,17,17,17,17,17,17,17,17,17,17,17,17,17,17,17,17,17,17,17,17,17,17,17,17,17,17,17,17,17,17,17,17,17,17,17,17,17,17,17,17,17,17,17,17,17,17,17,17,17,17,17,17,17,17,17,17,17,17,17,17,17,17,17,17,17,17,17,17,17,17,17,17,17,17,17,17,17,17,17,17,17,17,17,17,19,17,17,17,17,17,17,17,17,17,17,17,17,17,17,17,17,17,17,17,19,17,17,17,17,17,17,17,17,17,17,17,17,17,17,17,20,17,17,17,17,17,17,17,17,17,17,17,17,17,17,17,17,17,17,17,17,17,17,17,17,17,17,17,17,17,17,17,17,17,17,17,17,17,17,17,17,17,17,17,17,17,17,17,17,17,17,1,17,17,17,17,17,17,17,17,17,17,17,17,17,17,17,17,17,17,17,17,17,17,17,17,17,17,17,17,17,17,17,17,17,17,17,17,17,17,17,17,17,17,17,17,17,17,17,17,17,17,17,17,17,17,17,17,17,17,17,17,17,17,17,17,17,17,17,17,17,17,17,17,17,17,17,17,17,17,17,17,17,17,17,17,17,17,17,17,17,17,17,17,17,17,17,17,17,17,17,17,17,17,17,17,17,17,17,17,17,17,17,20,17,17,17
1,5,2,2,1,1,2,1,1,1,6,2,1,2,3,2,8,2,4,2,2,2,11,2,3,3,5,2,5,2,9,7,6,5,7,7,4,65,15,3,4,3,3,4,7,4,4,12,5,4,9,2,4,4,5,4,9,5,6,7,6,4,8,40,28,4,25,5,6,4,7,4,5,4,5,7,11,6,5,8,4,9,8,7,7,13,8,12,10,8,9,10,14,16,13,12,12,10,11,13,13,16,20,15,104,30,22,39,32,25,22,24,36,28,13,10,13,19,37,22,18,6,19,18,11,6,21,18,18,22,7,18,17,12,6,11,10,6,7,9,6,10,11,14,13,9,8,8,7,12,10,10,13,8,16,8,9,11,8,13,9,10,15,14,9,13,17,9,13,12,11,10,20,13,16,10,16,15,13,39,18,33,29,29,30,25,29,14,19,20,17,21,15,17,16,19,16,19,16,17,63,18,26,22,70,28,22,28,15,16,27,20,60,12,14,31,22,27,15,15,22,51,30,20,35,28,30,23,19,30,40,29,24,97,29,211,52,52,41,36,53,83,51,36,42,28,40,34,35,39,29,43,28,28,33,20,37,33,31,19,29,32,27,26,24,54,25,29,30,19,19,24,36,21,22,24,15,108,18,18,19,21,18,21,24,18,30,21,22,20,32,38,29,26,30,28,29,30,26,23,35,26,27,23,25,28,20,34,18,18,21,27,19,22,21,19,29,16,20,15,22,19,20,18,16,23,16,16,22,16,16,16,33,15,15,15,16,16,16,16,16,16,16,16,16,16,16,16,16,16,16,16,16,16,16,16,16,16,16,16,16,16,16,16,16,16,16,16,16,16,16,16,16,16,16,16,16,16,16,16,16,25,15,15,15,15,15,15,15,15,15,15,15,15,15,15,15,15,15,15,15,15,15,15,15,15,15,15,15,15,15,15,15,15,15,15,15,15,15,15,15,18,16,16,16,16,16,16,16,16,16,16,16,16,16,16,16,16,16,16,16,16,16,16,16,16,16,16,16,16,16,16,16,16,16,16,16,16,16,16,16,16,16,16,16,16,16,16,16,16,16,16,16,16,16,16,16,16,16,16,16,16,16,16,16,16,16,16,16,16,16,16,16,16,16,16,16,16,16,16,16,16,16,16,16,16,16,16,16,16,16,16,16,16,16,16,16,16,16,16,16,16,18,16,16,16,16,16,16,16,16,16,16,16,16,16,16,16,16,16,16,16,16,16,16,16,16,16,16,16,16,16,16,16,16,19,16,16,16,16,16,16,16,16,16,16,16,16,16,16,16,16,16,16,16,16,16,16,16,16,16,16,16,16,16,15,16,16,16,16,16,16,16,16,16,16,18,16,16,16,16,16,16,16,16,16,16,16,16,16,16,16,16,16,16,16,16,16,16,16,16,16,16,16,16,16,16,19,16,16,16,16,16,16,18,16,16,16,16,16,16,16,16,16,16,16,16,16,16,16,16,16,16,16,16,16,16,16,16,16,16,16,16,16,16,16,16,16,16,16,16,16,16,16,16,16,16,16,16,16,16,16,16,16,16,16,16,16,16,16,16,16,16,16,16,16,16,16,16,16,16,16,16,16,16,16,16,16,16,16,16,16,16,16,16,16,16,16,16,16,16,16,16,16,16,16,16,16,16,16,16,16,16,16,16,16,16,16,16,16,16,16,16,16,16,16,16,16,16,16,16,16,16,16,16,16,16,16,16,16,16,16,16,16,18,16,16,16,16,16,16,16,16,16,16,16,16,16,16,16,16,16,16,16,16,16,16,16,16,16,16,16,16,16,16,15,16,16,16,16,16,16,16,18,16,16,16,16,16,16,16,16,16,16,16,16,16,16,16,16,16,16,16,16,16,16,16,16,16,16,16,16,16,16,16,16,16,16,16,16,16,16,16,16,16,16,16,16,16,16,16,16,16,16,16,16,16,16,16,16,16,16,16,16,16,16,16,16,16,16,16,16,16,16,16,16,16,16,16,16,16,16,16,16,16,16,16,16,16,16,16,16,16,16,16,16,19,16,16,16,16,16,16,16,16,16,16,16,16,16,16,16,16,16,16,16,16,16,16,16,16,16,16,16,16,16,16,16,16,16,16,16,16,16,16,16,16,16,16,16,16,16,16,16,16,16,16,16,16,16,16,16,16,16,16,16,16,16,16,16,16,16,16,16,16,16,16,16,16,16,16,16,16,16,16,16,16,16,16,16,16,16,16,16,16,16,16,16,16,16,16,16,16,16,16,16,16,16,16,16
3,1,1,2,1,2,1,2,2,4,5,2,1,2,3,2,2,2,2,4,4,5,2,2,2,3,3,3,3,4,3,3,4,3,4,2,3,11,3,11,4,7,3,6,10,3,11,14,5,5,10,7,8,11,7,5,12,6,18,8,7,4,11,6,5,9,9,8,14,8,4,2,14,3,4,5,4,4,4,28,8,7,3,44,9,7,6,9,12,7,9,7,6,6,9,9,9,9,8,6,6,7,7,9,9,8,14,10,10,10,9,10,10,10,14,10,10,11,12,9,8,9,9,21,11,11,15,12,75,22,16,9,17,25,8,8,10,11,17,62,9,17,19,16,15,7,14,7,15,7,10,79,19,12,15,12,13,13,16,11,11,11,10,15,9,10,17,11,14,7,10,14,16,11,87,34,22,17,18,10,14,12,13,11,13,18,20,16,12,11,13,11,15,11,11,20,12,12,15,14,15,14,12,14,14,21,14,16,18,100,52,20,77,21,41,37,30,17,38,37,16,22,37,21,43,25,15,30,14,16,17,19,14,22,14,19,14,13,23,38,42,56,30,32,26,39,25,33,30,27,34,26,33,34,23,45,32,29,55,31,28,31,23,31,28,23,29,18,20,22,33,22,27,21,17,16,23,28,22,23,23,18,17,17,23,20,23,32,25,23,18,24,26,15,16,20,33,15,28,24,19,16,21,20,27,20,20,22,18,23,18,27,39,24,16,25,17,18,26,16,16,29,10,15,15,29,15,24,15,29,39,15,15,15,15,15,15,15,15,15,15,15,15,15,15,15,15,15,15,15,15,15,15,15,15,15,15,15,15,15,15,29,15,15,27,15,15,17,15,15,15,17,15,15,15,15,17,15,15,15,15,15,15,15,15,15,15,15,15,15,15,15,15,15,15,15,15,15,15,15,15,15,15,15,15,15,15,15,15,15,15,15,15,15,15,15,15,15,15,15,15,15,15,15,15,15,15,15,15,15,15,15,15,15,15,15,15,15,15,15,15,15,15,15,15,15,15,15,15,15,15,15,15,15,15,15,15,15,15,15,15,15,15,15,15,15,15,15,15,15,15,15,15,15,15,15,15,15,15,15,15,15,15,15,15,15,15,15,15,15,15,15,15,15,15,17,15,15,15,15,15,15,15,15,15,15,15,15,15,15,15,15,15,15,15,15,26,16,16,16,24,16,31,28,34,33,27,26,23,22,25,22,26,24,22,26,29,24,22,21,17,33,19,26,18,26,31,35,32,33,45,37,28,33,43,27,41,33,45,29,28,17,42,24,32,17,28,36,37,22,37,29,25,28,18,40,22,25,18,29,40,34,16,21,20,20,25,16,33,22,27,27,16,18,24,16,18,29,22,16,16,16,16,16,16,16,16,16,16,16,16,16,16,16,16,16,16,16,16,16,16,16,16,16,16,16,16,16,16,16,16,16,16,16,16,16,16,16,16,16,16,16,16,16,16,16,16,16,16,16,16,16,16,16,16,16,16,16,16,16,16,16,16,16,16,16,16,16,16,16,16,16,16,16,16,16,16,18,16,16,16,16,16,16,16,16,16,16,16,16,16,16,16,16,16,16,16,16,16,16,16,16,16,16,16,16,16,16,16,16,16,16,16,16,16,16,16,16,16,16,16,16,16,16,16,16,16,16,16,16,16,16,16,16,16,16,16,16,16,16,16,16,16,16,16,16,16,16,16,16,16,16,16,16,16,16,16,16,16,16,16,16,16,16,16,16,16,16,16,16,16,16,16,16,16,16,16,16,18,16,16,16,16,16,18,16,16,16,16,16,16,16,16,16,16,16,16,16,16,16,16,16,16,16,16,16,16,16,16,16,16,16,16,16,16,16,16,16,16,16,16,16,16,16,16,16,16,16,16,16,16,16,16,18,16,16,16,16,18,16,16,16,16,16,16,16,16,16,16,16,16,16,16,16,16,16,16,16,16,16,16,16,16,16,16,16,16,16,16,16,16,16,16,16,16,16,16,16,16,16,16,16,16,16,16,16,16,16,16,16,16,16,16,16,16,16,16,16,16,16,16,16,16,16,16,16,16,16,16,16,16,16,16,16,16,16,16,16,16,16,16,16,16,16,16,16,16,16,16,16,16,16,16,16,16,16,16,16,16,16,16,16,16,16,16,16,16,16,16,16,16,16,16,16,16,16,16,16,16,16,16,16,16,16,16,16,16,16,16,16,16,16,16,16,16,16,16,16,16,16,16,16,16,16,16,16,16,16,16,16,16,16,16,16,16,16,16,16,16,16
