5,1,1,1,1,2,1,2,2,3,1,2,2,2,2,4,3,4,2,3,3,3,2,2,2,2,4,4,3,3,8,3,3,3,11,3,3,3,3,3,7,3,4,4,4,10,12,4,4,6,6,11,6,7,8,7,5,7,5,12,9,8,7,12,8,10,7,12,7,8,11,15,2,10,8,13,7,8,11,10,11,8,16,13,10,13,16,12,14,16,15,14,21,10,171,6,4,4,4,5,7,6,6,7,5,6,6,8,10,6,6,6,22,35,6,8,8,8,7,14,7,7,9,9,11,8,3,8,11,9,150,17,13,8,9,18,12,10,14,9,9,11,10,14,14,11,10,10,10,14,10,13,10,11,12,10,3,15,14,13,12,12,15,11,15,16,13,14,16,12,19,40,32,13,9,13,19,19,14,12,13,14,13,13,12,20,16,23,16,13,20,16,13,57,104,180,94,21,54,14,18,16,18,16,21,16,23,22,23,18,16,17,21,22,8,19,23,19,85,20,8,21,21,22,18,23,21,31,52,58,81,60,60,61,63,42,35,46,44,128,53,27,20,15,13,15,14,93,22,50,41,19,14,16,14,15,15,17,14,14,5,11,22,15,17,27,17,15,17,16,15,15,17,15,15,15,15,15,15,15,15,15,15,15,15,17,15,15,15,15,15,8,9,15,15,15,15,15,10,15,15,15,15,15,6,15,15,3,15,15,15,15,15,15,15,15,15,15,15,15,15,15,5,15,15,3,15,15,15,15,15,4,15,15,15,15,15,15,15,15,15,15,15,15,15,15,15,15,15,7,15,15,15,15,15,15,94,49,26,15,37,17,15,15,15,3,94,12,53,58,68,48,44,62,18,59,38,31,2,26,22,21,22,27,25,20,23,22,22,23,21,24,28,21,21,21,21,21,21,21,21,21,21,21,21,21,21,21,21,201,6,169,23,46,44,77,13,71,26,9,47,10,21,86,38,42,35,33,32,20,30,21,69,77,25,7,8,21,21,27,27,21,21,29,21,21,21,21,10,21,21,21,21,21,21,21,21,20,20,7,20,20,21,21,21,21,21,21,21,21,21,21,21,13,21,14,21,21,21,21,21,21,21,21,21,21,6,21,21,21,21,21,21,2,21,21,21,21,17,21,21,21,21,21,23,21,21,21,21,21,17,21,21,22,22,4,19,16,24,21,21,21,21,21,21,21,21,21,21,21,21,65,5,23,6,21,36,22,23,22,22,24,24,56,21,24,21,21,19,21,21,21,21,21,21,17,21,21,21,21,21,21,21,21,21,21,21,21,6,21,21,6,21,21,21,21,24,21,21,21,21,21,21,21,21,21,21,21,21,21,21,21,21,21,21,23,21,21,21,21,13,92,22,21,75,23,5,21,21,20,20,20,20,20,20,23,20,20,11,20,20,20,20,20,20,20,20,20,14,14,20,20,20,20,22,20,20,20,20,20,20,20,20,20,20,20,20,20,23,20,20,20,20,17,20,20,20,19,20,20,20,6,20,20,20,20,20,20,20,20,20,22,20,20,20,20,20,20,20,20,20,20,20,20,20,20,12,20,22,20,20,20,20,20,20,34,20,20,20,20,20,18,20,20,20,20,20,20,20,20,20,20,22,20,20,20,22,20,20,26,20,20,21,20,11,20,20,20,20,14,20,20,12,20,20,20,20,32,9,20,38,18,20,20,20,20,20,20,20,20,20,20,20,4,20,22,20,20,20,20,20,20,7,20,20,20,20,20,20,20,20,20,20,20,20,18,20,20,20,20,20,20,20,20,20,22,20,20,20,20,20,20,16,20,20,20,20,20,1,20,20,20,20,20,20,20,32,22,20,20,20,1,10,20,5,20,20,20,20,20,20,4,20,20,20,20,20,21,22,20,20,20,20,20,20,20,20,60,27,28,9,28,2,22,22,32,24,22,20,22,20,20,20,20,20,21,20,20,20,20,12,20,20,22,20,20,11,20,20,6,20,20,2,20,20,20,20,20,20,20,5,18,20,20,20,11,20,20,20,20,20,40,53,24,20,20,21,23,21,22,21,21,21,21,21,5,21,21,21,21,8,21,21,9,21,16,4,21,21,21,21,6,21,21,21,16,21,21,21,21,21,21,21,21,21,21,22,21,3,35,21,21,21,21,21,21,21,21,21,21,21,20,21,21,21,7,21,21,21,21,21,21,21,21,21,21,21,21,5,21,21,21,27,21,21,21,21,21,21,21,21,20,21,21,1,21,7,21,21,21,9,21,21,21,4,21,21,21,21,21
1,1,2,1,4,2,1,1,2,4,2,2,3,2,5,2,3,2,3,2,4,2,2,5,3,4,3,3,3,6,3,3,5,3,5,3,3,6,3,4,9,7,4,4,10,5,6,10,4,8,5,85,6,4,7,1,4,7,5,6,5,5,8,6,7,8,7,6,6,6,8,8,6,13,7,7,7,7,9,9,12,12,8,9,12,13,10,11,9,57,7,9,5,8,7,8,6,11,8,7,8,9,9,9,13,8,7,8,9,9,10,12,7,10,8,11,3,15,12,11,14,11,11,13,10,14,10,19,10,14,15,13,33,174,90,60,47,41,15,22,20,10,13,14,16,10,14,13,48,15,14,8,13,17,16,13,34,12,14,12,12,12,14,13,15,19,13,42,63,17,17,16,17,18,11,11,12,13,11,14,13,12,17,17,13,14,16,14,13,13,15,13,81,36,23,20,20,13,3,13,19,13,13,19,18,15,18,14,17,20,4,15,23,17,15,21,20,16,21,16,126,29,13,45,74,39,118,39,60,40,25,30,22,22,16,44,18,14,17,18,15,23,16,16,16,23,17,2,18,16,16,17,16,10,16,16,16,16,16,15,17,9,16,16,16,17,17,22,17,25,17,114,28,24,17,46,17,24,19,17,17,17,17,17,17,136,38,16,16,22,20,18,17,25,23,19,20,22,20,22,24,24,23,20,25,21,31,22,31,30,24,26,24,22,22,21,24,22,22,21,5,21,21,21,24,21,21,21,21,21,21,25,66,55,18,18,18,54,15,30,27,30,22,21,55,13,28,18,18,46,23,34,435,40,78,25,98,53,71,89,28,17,17,17,17,58,3,19,17,17,17,17,17,129,19,16,10,21,31,15,15,18,2,19,15,15,15,15,15,15,15,3,15,15,15,15,15,15,11,15,15,15,15,15,15,15,15,15,15,15,15,15,15,15,15,15,15,15,5,15,15,4,12,15,15,15,15,10,15,15,15,15,15,5,15,15,15,15,15,15,15,15,15,15,15,9,15,15,15,17,15,15,15,15,13,15,17,15,15,15,12,15,15,15,15,15,9,15,15,15,8,15,15,15,15,15,15,15,15,15,11,15,15,15,9,15,15,15,17,15,12,15,15,15,15,15,17,15,15,15,15,9,15,15,15,15,15,15,15,15,15,15,15,15,21,15,16,15,15,16,10,16,16,16,16,16,16,16,16,16,16,16,16,16,20,16,16,16,16,16,5,2,16,14,15,14,15,15,15,15,15,15,15,15,15,15,15,15,15,15,15,15,15,15,15,15,12,15,5,2,15,15,15,15,15,15,15,15,15,15,15,15,15,15,15,15,15,15,15,15,15,15,15,15,15,15,9,15,15,15,15,15,15,15,15,15,10,15,12,15,15,15,15,15,15,15,15,15,15,15,15,15,15,15,15,89,3,15,15,15,15,16,16,16,16,16,16,16,16,16,1,16,16,10,18,16,16,16,16,16,16,4,15,15,15,15,15,15,15,15,15,15,15,15,15,15,15,15,15,15,15,2,15,15,15,15,15,15,15,15,7,15,15,15,15,15,15,15,15,15,15,15,15,15,15,15,15,15,15,15,15,15,15,15,3,15,15,15,16,16,16,16,16,16,16,16,16,16,16,16,16,16,16,16,16,16,8,16,16,16,16,16,16,16,14,16,16,16,16,24,24,17,8,15,15,15,15,15,15,15,15,15,19,15,15,15,15,15,15,15,15,16,16,18,16,16,16,16,16,16,19,14,16,16,16,16,16,16,16,16,4,16,16,16,54,18,16,16,16,16,16,16,16,16,17,16,15,15,15,15,15,6,15,15,14,7,15,15,15,15,15,15,15,15,15,15,15,15,15,15,15,15,15,15,15,15,15,15,15,15,15,15,15,15,15,15,17,15,15,15,15,15,15,15,15,2,15,15,15,15,15,15,15,15,15,15,15,4,15,15,14,15,15,15,15,15,10,15,4,15,15,3,15,15,15,15,15,4,54,16,15,15,15,15,15,15,13,15,17,2,15,15,15,15,17,15,15,15,15,1,17,17,15,15,15,15,15,15,15,15,15,15,15,15,14,15,15,15,15,15,17,15,13,15,15,15,15,15,15,8,1,15,15,15,15,15,27,15,15,15,15,15,15,15,15,15,15,15,15,15,15,15,15,11,15,15,15,15,15,15,15,15,15,17,15,16,15,15,15,15,15,15,15,17,15,15,15,15,5,15,15,15,15,15,15,15,6,15,15,15,15,15,15,15,15,1,15,15,15,41
3,1,2,2,1,1,1,3,2,2,2,4,2,5,2,4,2,2,2,2,3,3,3,2,3,7,3,3,3,3,3,3,3,3,5,3,5,9,3,3,6,8,5,5,4,4,4,4,6,4,8,5,13,4,4,5,8,9,10,7,5,7,6,7,5,6,8,5,5,16,6,6,8,10,8,6,8,7,10,8,6,6,8,7,13,9,7,11,10,8,16,13,14,13,16,13,73,131,25,8,18,9,10,9,8,10,12,8,8,12,11,9,10,13,1,10,10,92,8,11,10,13,6,11,11,10,12,76,46,84,19,16,15,35,6,10,13,12,11,17,13,12,12,20,16,14,1,15,13,15,19,14,13,13,13,13,15,17,13,14,14,20,17,14,15,19,17,17,17,21,16,19,18,16,25,20,18,169,16,67,137,32,34,25,23,15,13,11,10,16,12,14,13,24,224,100,11,24,33,20,21,11,11,16,11,11,11,11,11,16,17,12,20,14,12,8,12,16,17,14,13,13,15,18,13,15,21,13,15,18,14,15,15,18,17,14,15,15,19,18,16,16,15,15,15,15,17,15,15,6,15,15,15,15,19,15,15,15,5,15,16,16,17,15,9,15,15,15,15,17,15,15,15,15,15,15,15,15,15,15,15,15,15,15,15,15,15,15,73,15,2,15,15,21,17,37,15,62,35,15,23,15,15,15,15,15,17,11,15,15,15,2,15,15,15,9,15,21,15,23,15,15,5,15,15,15,15,15,15,15,15,15,15,15,15,15,15,15,15,15,15,15,15,15,15,15,15,15,15,15,15,15,15,15,15,85,24,119,22,15,17,15,15,6,15,17,15,15,6,15,15,14,26,16,16,14,16,18,16,16,16,16,16,16,16,16,16,16,10,16,16,16,16,17,17,17,17,17,17,17,17,10,8,17,17,17,17,17,9,17,17,17,17,17,9,17,17,17,17,17,58,17,15,39,150,94,105,47,30,34,31,23,49,30,19,17,18,15,16,18,21,17,1,18,19,20,17,22,25,22,14,20,20,18,185,53,57,30,26,23,20,31,24,24,8,26,22,21,20,16,11,7,20,22,20,20,20,20,20,20,46,21,24,28,22,21,21,21,21,21,3,21,41,53,113,97,117,50,35,29,39,26,29,39,49,60,51,34,34,32,25,17,20,22,19,16,3,16,16,16,16,16,16,16,16,16,16,16,16,16,1,16,16,16,16,1,16,16,16,16,16,16,16,16,4,16,16,16,16,16,16,8,16,16,16,15,16,18,16,16,16,20,16,16,16,16,16,16,16,1,16,16,16,16,16,6,16,16,16,16,9,16,16,16,16,20,11,16,16,16,16,16,16,16,16,16,16,16,16,22,10,16,16,16,20,16,14,16,16,16,16,16,16,16,16,16,16,16,16,16,28,4,16,16,16,16,24,16,16,16,16,16,16,16,16,16,4,16,16,16,16,16,16,16,16,16,16,16,7,16,8,16,16,16,16,16,2,16,16,16,16,16,18,16,16,16,16,16,16,26,16,5,16,16,14,16,16,16,16,16,16,16,16,28,4,16,16,6,16,16,16,18,16,16,16,16,16,16,16,16,16,16,16,16,16,16,16,16,18,16,7,16,16,16,16,16,16,16,16,16,16,16,16,16,16,16,16,16,16,20,16,16,16,16,16,16,16,16,16,16,16,16,16,16,16,16,16,16,16,16,19,16,16,13,16,16,16,16,16,16,16,16,16,16,16,16,16,16,16,16,16,16,16,16,16,16,16,16,16,16,16,12,16,16,16,16,16,16,16,16,16,16,16,16,16,16,16,9,16,16,16,11,16,16,16,16,16,16,16,16,18,16,16,16,2,16,16,16,16,16,16,16,16,16,13,16,16,16,16,13,16,16,16,13,16,16,16,16,16,16,16,16,2,16,16,16,16,16,16,16,16,18,16,18,16,16,21,16,16,16,16,18,18,16,16,16,16,16,7,16,16,16,16,16,16,22,16,16,16,16,16,16,16,16,16,9,16,2,16,18,32,16,16,16,16,16,16,16,16,16,16,9,16,18,16,16,16,16,16,16,16,16,16,16,16,16,16,16,16,16,18,16,16,16,17,16,16,2,16,16,12,16,16,16,18,16,16,16,16,10,16,16,16,16,16,4,16,16,16,16,5,16,16,16,16,16,16,6,22,16,40,22,9,24,26,20,20,18,16,16,16,7,16,16,16,16,16,4,16,16,16,2,16,16,16,16,16,16,16,16,16,16,10,16,16,16,16,16,5,16
1,2,1,1,1,1,5,2,2,2,2,2,3,2,2,2,4,4,2,2,2,3,10,4,4,5,4,7,12,8,5,7,5,5,2,2,3,3,5,5,3,3,3,3,6,3,7,4,6,6,6,5,9,6,6,6,5,5,9,7,5,5,7,8,7,6,6,10,6,7,7,11,10,9,10,9,11,9,8,12,7,9,9,11,10,8,19,12,16,9,12,14,12,17,14,7,13,20,2,19,16,49,145,104,76,7,7,5,6,7,5,10,8,6,8,6,6,15,6,6,7,14,9,8,9,8,11,10,8,11,10,11,10,10,12,5,8,8,18,10,13,9,10,3,9,13,4,15,14,10,16,14,10,13,11,12,10,6,15,11,13,153,20,21,11,24,13,19,12,15,20,16,6,14,14,14,19,59,57,15,19,15,18,19,8,4,18,20,24,16,24,18,18,22,29,26,18,23,19,24,17,277,35,11,9,26,146,58,36,53,29,28,27,20,40,22,7,26,11,26,21,19,19,30,29,3,57,22,21,21,22,19,19,6,19,23,31,64,12,25,24,70,23,22,21,25,22,68,21,23,34,23,93,1,7,10,235,201,233,99,11,85,63,24,94,11,11,11,11,11,15,11,14,18,14,14,18,13,15,15,15,13,1,15,13,16,13,16,18,21,16,18,19,20,15,17,17,17,15,15,10,15,8,16,15,17,4,2,17,15,15,15,15,15,15,15,15,15,15,15,15,15,15,242,25,209,75,28,92,55,33,24,19,16,15,15,15,15,15,15,13,15,15,5,15,15,15,15,15,15,15,15,15,15,15,17,15,15,15,15,15,15,15,15,15,15,15,15,18,15,15,15,15,15,15,15,3,15,15,15,15,15,15,17,15,15,10,15,16,15,15,142,18,26,28,18,16,16,15,16,16,16,16,16,16,16,16,16,16,5,16,16,16,16,16,16,1,16,14,16,16,16,15,16,15,16,3,16,16,16,16,16,16,16,16,16,16,16,16,16,16,16,16,16,16,16,16,16,16,4,8,16,16,16,16,16,16,16,16,16,16,16,16,16,16,16,16,16,16,16,16,16,16,16,16,16,16,16,16,16,16,16,7,16,16,16,16,16,16,16,16,16,16,16,16,16,16,16,16,16,16,16,16,16,16,16,16,16,16,16,16,11,16,16,16,16,16,16,16,16,16,16,16,16,7,16,16,16,16,8,14,16,16,16,16,16,16,2,16,16,16,16,16,16,16,16,5,16,16,16,16,16,16,19,16,16,16,16,16,16,16,16,16,16,16,15,16,16,16,16,16,9,16,15,16,13,16,7,16,16,16,16,16,16,16,16,2,16,4,6,16,18,16,16,16,16,10,16,16,16,16,16,16,16,16,16,17,17,17,17,17,17,17,17,17,17,17,13,21,17,17,17,17,17,17,17,17,17,17,17,17,17,17,17,17,17,17,17,17,17,17,17,17,16,23,22,17,17,17,17,17,17,17,17,6,9,17,17,17,17,17,17,17,17,17,17,19,17,17,17,17,17,17,17,17,73,17,17,17,17,17,25,5,19,17,17,17,17,17,17,17,17,17,4,16,16,16,16,16,16,16,16,16,16,3,16,16,16,10,19,16,16,16,16,16,16,16,16,18,16,3,34,16,7,16,16,16,16,16,16,16,16,16,16,16,16,16,16,16,16,16,16,16,16,16,16,16,16,16,16,14,16,16,16,16,16,16,16,16,10,16,16,16,16,16,16,16,16,13,16,16,16,16,2,16,16,16,16,18,1,16,16,16,16,18,16,16,16,34,16,16,16,16,16,16,16,4,16,3,16,16,16,16,16,16,16,16,16,16,20,18,16,16,16,16,16,16,16,16,16,16,16,16,2,16,16,16,16,16,16,16,16,16,16,2,16,16,10,16,16,16,16,18,16,16,16,16,16,16,16,16,16,16,16,16,86,34,69,38,27,22,18,16,18,24,24,26,13,16,16,16,16,16,16,16,16,16,16,18,16,16,16,16,4,16,16,16,16,16,16,16,16,11,13,16,16,16,16,16,16,16,16,16,16,5,18,16,16,28,16,16,16,16,3,16,16,16,16,16,16,16,16,11,16,16,16,16,11,16,16,16,16,16,16,16,16,16,16,16,16,16,16,16,16,16,16,16,16,16,16,16,16,16,16,16,16,16,16,16,16,16,16,16,16,16,16,16,16,16,16,16,16,16,16,16,16,16,16,16,16,16,16,16,16,16,16,16,16,16,16,16,16,14,16,16,7,16,16,16,16
1,1,2,1,3,2,1,2,2,3,2,2,4,2,2,2,2,6,3,2,3,4,2,3,2,5,4,7,3,3,3,3,3,4,3,5,4,4,5,3,4,3,6,5,9,6,5,4,4,6,5,4,5,4,7,7,11,7,6,12,5,9,5,7,8,6,11,5,5,8,9,11,6,6,25,10,10,6,6,7,8,213,57,6,13,15,9,7,10,8,8,8,9,8,11,10,8,8,12,9,9,10,11,9,118,40,39,26,16,13,10,14,12,13,14,16,14,18,12,13,15,19,15,13,17,14,16,14,20,15,17,14,22,16,19,20,15,17,15,20,4,21,15,21,15,6,88,52,119,28,43,41,31,16,29,16,18,27,19,4,16,15,15,19,14,19,21,17,17,19,19,18,6,18,16,16,256,23,31,22,24,22,25,17,19,17,15,32,16,17,19,15,15,15,15,15,15,15,15,15,15,15,15,15,15,15,15,15,15,15,15,16,16,16,9,16,14,16,16,16,16,16,16,10,8,16,16,16,16,16,7,2,16,10,16,16,16,18,16,17,19,30,16,16,16,16,16,16,16,16,16,8,16,16,16,16,16,16,16,16,25,16,16,16,16,16,16,16,16,16,16,17,16,16,24,16,3,26,16,15,11,17,16,16,16,16,16,16,16,16,16,16,16,16,16,16,16,16,18,16,16,16,16,16,16,2,16,16,4,10,16,1,16,16,16,16,16,16,16,22,16,96,23,18,108,15,10,8,9,8,45,16,19,16,16,16,16,16,16,16,16,16,16,16,16,16,16,16,18,16,10,22,12,16,16,16,16,16,16,10,16,17,17,17,17,17,17,17,17,17,17,17,17,17,17,17,15,23,45,17,17,48,19,17,17,17,17,17,17,17,17,17,17,17,17,17,17,17,17,3,17,8,17,17,17,17,18,18,18,18,18,18,18,18,18,18,18,18,2,18,18,18,18,18,18,18,18,18,18,18,18,18,18,18,18,18,18,18,13,18,18,18,18,18,18,18,18,18,18,18,16,18,18,18,18,18,18,18,18,16,18,18,18,18,18,18,18,18,18,18,18,18,21,18,18,18,18,18,18,18,18,18,16,18,18,18,18,9,18,19,19,19,19,19,33,19,19,19,19,19,36,27,19,19,19,19,26,18,18,18,18,18,18,18,2,18,18,18,18,18,18,18,18,18,18,18,5,18,18,18,18,18,18,18,18,18,18,18,18,18,18,3,18,18,18,18,18,18,18,18,18,15,6,18,18,18,18,18,18,18,18,18,20,18,42,18,18,18,18,18,18,18,18,18,13,18,18,18,18,20,18,18,18,18,18,18,18,18,18,18,18,13,18,18,18,15,18,19,18,18,18,18,18,18,18,18,18,18,18,18,18,18,18,18,18,18,18,18,18,18,17,18,18,18,18,18,18,18,18,18,18,18,18,18,18,18,18,18,18,18,18,18,18,18,18,18,18,18,18,18,20,18,18,18,18,18,18,21,18,18,18,18,18,18,18,18,16,18,18,18,20,18,3,18,7,18,18,18,18,3,18,18,18,18,18,18,18,18,19,19,19,23,19,19,19,18,19,18,18,18,18,18,18,18,18,18,4,18,11,18,18,18,19,7,19,19,19,19,19,19,19,19,19,18,14,18,28,18,18,18,18,8,18,18,18,9,18,18,18,18,18,18,18,22,18,18,18,18,18,18,18,17,18,18,18,18,18,18,18,34,1,18,18,18,18,18,18,18,18,18,18,18,18,18,12,10,10,8,8,8,9,8,9,14,9,9,9,10,13,12,11,11,10,14,12,10,10,11,2,15,8,16,12,12,11,13,182,41,20,25,21,18,12,14,14,14,14,13,3,12,15,15,4,19,13,15,18,18,14,14,22,15,15,16,19,12,25,18,25,22,60,17,18,17,54,56,10,7,2,19,44,44,39,23,26,58,63,50,20,23,21,32,50,40,25,6,21,19,19,22,19,21,22,43,109,6,36,34,21,67,90,26,7,27,26,24,28,22,24,24,22,26,40,104,21,24,25,18,18,18,18,18,18,18,18,18,18,17,18,18,18,18,18,18,11,18,18,18,18,18,16,18,18,18,18,18,18,18,18,18,18,18,18,18,18,18,18,18,18,18,18,18,18,18,18,13,18,18,18,20,18,20,18,18,18,15,18,11,18,6,18,18,18,18,1,18,18,18,20,18,22,32,20,18,18,21,18,18,18,18,18,18,18,18,16,19,18,17,6,17,18,18,18,7,18,42,18,10,18,18
1,2,3,1,4,1,1,5,4,4,2,3,2,2,2,2,2,2,3,3,2,2,2,2,3,4,8,4,3,4,4,3,3,3,3,8,7,4,3,3,5,7,3,7,5,7,4,5,2,4,3,7,6,4,7,7,6,5,5,6,5,10,5,7,7,9,3,6,5,5,6,7,10,8,8,10,7,8,8,8,6,7,9,9,8,12,7,12,9,10,7,10,7,8,12,11,8,10,8,8,7,8,12,12,8,9,8,8,10,8,18,12,10,12,14,9,13,14,15,10,15,19,14,12,10,12,18,14,10,10,14,121,12,9,15,10,8,15,2,9,8,9,11,12,13,13,13,70,12,16,14,13,11,16,3,16,22,16,15,12,12,13,16,17,13,15,19,13,12,15,14,17,90,39,31,13,18,12,16,15,16,15,16,14,15,15,19,14,18,14,13,19,6,19,15,16,17,16,17,19,19,20,62,104,90,249,65,59,2,157,149,135,39,67,25,1,29,19,16,16,14,6,10,14,17,15,19,16,15,5,16,8,15,18,17,16,16,17,18,16,20,16,16,16,16,7,16,16,8,33,48,8,18,16,16,17,16,16,16,16,16,16,16,16,16,16,16,16,16,16,16,16,16,16,16,16,16,16,16,16,16,16,16,16,16,16,160,20,15,40,107,20,21,15,15,15,15,15,15,15,15,15,15,15,15,15,15,15,15,15,15,15,15,15,15,81,115,23,16,15,15,12,15,15,15,15,15,15,15,15,15,15,15,15,15,15,15,3,10,15,15,18,15,15,15,15,15,6,15,15,15,15,15,15,15,9,15,15,18,15,15,15,15,15,17,15,15,15,15,15,15,15,15,15,15,15,15,15,15,15,15,15,17,15,15,15,15,15,15,15,15,15,15,15,15,15,15,15,15,15,15,15,1,15,15,15,15,15,15,15,15,17,15,15,15,15,15,15,15,15,15,15,15,3,15,15,15,15,15,15,15,15,15,15,15,15,15,15,15,15,4,17,15,15,15,15,15,15,10,15,15,15,5,8,17,15,1,15,15,15,15,15,15,15,15,15,15,27,19,39,17,15,15,15,15,15,15,10,15,15,15,15,15,15,15,15,15,15,15,15,9,15,15,15,15,15,15,15,15,15,15,13,15,15,15,15,15,15,3,15,15,15,15,15,15,15,15,15,15,15,15,15,15,15,15,15,15,15,15,15,15,15,15,15,15,15,8,15,15,15,15,15,15,15,15,9,1,15,15,15,15,15,15,15,11,15,6,15,32,16,16,48,10,52,18,16,16,18,24,16,16,16,16,16,16,16,16,16,16,16,16,16,16,16,16,16,16,16,16,16,16,16,16,16,12,16,16,16,16,16,16,16,16,16,16,16,57,263,46,34,21,23,15,25,70,19,19,19,8,17,17,17,19,19,19,19,28,20,22,27,20,25,23,23,24,10,5,21,24,21,27,3,21,21,21,27,26,33,22,23,23,25,25,24,22,23,17,19,11,17,15,15,15,15,15,15,15,15,15,15,15,15,15,15,15,15,15,15,15,15,15,15,15,15,16,15,15,15,15,15,15,15,15,15,15,15,17,15,15,15,17,15,15,10,15,9,15,15,15,15,15,15,15,15,15,15,15,10,16,16,16,16,16,16,16,16,16,16,12,16,16,16,16,16,16,16,16,16,16,19,19,17,17,17,17,17,17,17,17,13,17,17,16,17,17,17,17,17,17,17,17,21,20,33,17,17,17,17,44,17,38,11,17,17,17,17,17,17,17,17,17,17,16,17,13,17,17,17,17,17,17,23,17,11,17,17,7,17,17,17,17,17,17,17,17,17,17,17,17,17,17,17,17,17,17,12,17,17,17,15,17,17,17,17,17,17,5,2,17,17,17,17,8,17,23,23,11,23,23,23,23,23,8,24,23,23,25,23,23,23,23,21,21,23,23,23,17,23,23,28,22,22,22,22,7,76,22,23,11,54,39,30,48,30,22,24,22,2,17,17,17,19,17,17,17,17,17,17,17,11,17,20,23,16,17,17,17,17,17,17,6,17,17,17,17,17,17,17,17,5,17,20,16,16,16,16,18,16,16,6,16,16,16,16,16,16,16,16,16,16,5,16,16,16,16,16,16,16,24,16,16,16,16,16,16,9,16,16,16,16,16,16,16,16,16,16,46,16,9,16,16,17,16,9,16,16,16,16,16,16,16,3,16,16,16,16,16,16,16,16,16,16,19,16,16,16,16,16,16,16,16,16,16,16,16,16,16,16,16,16
1,3,1,2,1,1,2,1,2,2,2,2,2,2,2,3,3,2,2,2,5,6,4,3,3,2,5,3,5,4,5,3,7,3,5,4,3,6,3,4,4,9,4,6,11,4,4,4,4,4,4,9,6,5,5,6,7,9,8,5,6,5,8,6,5,5,5,6,9,8,6,8,5,9,8,8,8,9,6,9,9,8,8,9,7,6,12,13,13,7,7,7,7,7,9,12,8,11,8,10,13,10,12,15,8,10,10,15,18,11,9,10,11,9,12,11,14,9,10,10,8,12,10,12,22,19,14,15,7,16,13,14,17,13,15,10,15,15,22,15,16,18,16,20,14,11,18,105,23,10,12,10,10,12,9,13,10,12,13,13,14,10,15,15,11,12,12,11,12,12,15,17,16,17,16,17,12,15,12,21,12,15,14,15,20,25,13,20,17,14,17,18,23,1,17,31,41,159,297,21,16,77,32,29,23,19,18,24,22,17,10,22,15,2,14,17,73,43,65,22,22,23,16,16,21,22,20,18,18,16,20,16,24,21,18,20,233,22,71,3,30,47,68,25,22,22,20,18,19,18,22,26,61,55,111,35,21,50,24,14,21,20,21,20,1,20,20,17,20,20,20,20,25,20,22,20,22,20,62,23,28,20,21,20,17,13,20,20,20,19,20,20,20,20,20,20,20,20,18,20,22,20,20,34,19,46,21,43,21,18,91,20,20,21,22,31,24,2,32,22,25,21,21,21,21,47,142,32,29,20,20,20,20,20,20,20,20,20,20,20,20,20,20,20,20,20,20,20,20,20,20,20,20,20,20,20,20,20,20,20,20,20,20,21,17,21,21,21,21,21,21,21,51,21,21,21,23,21,29,21,21,21,21,21,21,21,5,110,43,21,21,9,21,21,21,21,21,21,6,21,21,21,21,21,20,21,21,21,21,21,21,21,21,21,4,21,21,21,18,21,21,21,21,21,21,21,21,21,21,5,21,21,10,21,21,21,21,21,21,21,21,21,21,21,21,21,21,21,23,29,21,21,21,21,21,21,21,4,11,22,21,14,23,11,21,21,21,21,21,21,21,21,21,21,21,21,21,21,21,21,21,20,29,2,15,23,36,21,22,21,21,21,21,21,21,21,21,21,21,21,15,21,21,21,21,21,21,21,21,23,1,21,21,21,56,22,22,57,20,23,21,2,23,21,21,21,21,5,21,2,21,21,21,21,21,21,21,18,24,23,21,21,21,21,21,21,21,21,21,21,21,17,20,19,21,21,7,1,24,21,21,21,21,21,21,23,21,21,15,21,14,21,21,33,21,21,21,21,21,21,21,21,21,21,21,21,21,3,21,21,21,21,21,21,11,21,4,21,23,28,21,23,21,21,21,6,21,21,87,24,22,22,22,22,22,11,37,26,22,7,22,22,54,22,40,8,19,31,23,16,4,25,15,150,10,56,27,9,16,17,17,15,15,15,15,15,15,15,15,15,15,12,15,17,15,15,3,15,15,10,15,21,15,12,15,15,15,13,15,15,16,15,15,15,15,15,15,15,15,15,17,15,15,15,15,9,15,15,15,15,15,15,16,15,15,11,16,16,16,16,16,16,16,16,4,2,7,16,16,16,16,16,16,16,16,8,20,16,16,16,16,16,16,16,16,16,16,16,16,16,16,18,16,16,16,16,20,16,16,16,18,16,16,16,16,16,22,16,16,16,16,18,16,4,16,16,16,1,18,16,16,5,24,16,16,16,16,16,16,16,16,11,16,16,16,16,16,13,12,16,16,16,5,16,16,16,16,35,16,26,16,16,16,16,16,16,26,16,24,16,16,16,16,16,16,16,16,16,16,16,16,16,16,16,16,16,16,16,16,18,16,16,16,16,16,16,8,16,1,4,16,22,16,16,16,16,16,16,16,12,16,16,16,16,16,20,2,16,16,16,8,16,16,7,16,16,7,16,16,16,18,14,16,16,18,16,16,16,6,16,16,16,16,16,16,16,16,30,16,16,16,16,16,16,7,16,16,16,16,16,16,16,16,16,16,16,16,16,16,19,16,16,16,16,16,16,16,16,16,16,16,4,15,15,15,15,15,15,15,15,15,15,15,15,15,15,15,15,15,15,15,15,15,15,15,15,15,15,9,15,50,6,16,16,16,16,16,16,16,21,17,17,17,17,2,17,17,17,17,27,6,19,18,18,18,18,18,18,18,10,4,18,18,18,18,18,18,18,10,18,18,18,18,18,18,18,18,7,18,18,18,18,18,10,15,18,6,18,3,13
3,2,1,1,1,2,1,2,1,4,4,2,2,3,4,2,2,2,2,2,2,3,2,4,3,6,4,4,3,6,3,3,3,3,3,3,6,3,5,1,3,4,4,6,4,11,4,6,5,6,4,6,4,4,5,5,10,7,7,5,9,7,5,3,5,6,7,10,6,8,6,7,11,6,8,8,6,7,7,7,13,10,10,13,9,7,7,7,8,7,11,11,8,8,22,18,11,8,8,10,1,60,43,13,11,8,13,8,9,8,10,8,12,8,11,8,11,13,10,13,9,3,14,10,13,10,17,12,13,10,11,11,13,10,14,12,12,14,13,15,11,18,15,16,21,12,13,17,12,3,18,18,14,17,14,13,19,17,19,17,14,19,21,19,16,21,20,15,55,68,77,84,131,2,105,10,14,8,7,8,14,10,9,6,16,11,9,1,13,16,11,17,17,13,10,15,236,24,61,48,75,34,63,11,7,28,13,17,13,14,21,13,13,14,6,24,57,18,5,16,19,15,19,18,15,15,20,17,14,18,18,23,21,19,18,23,21,17,17,80,25,11,86,20,19,14,9,18,15,16,16,16,16,16,16,16,16,16,6,16,16,3,6,16,16,50,136,94,143,20,75,5,2,43,23,225,16,46,41,6,27,25,22,16,23,16,20,18,20,17,19,19,17,18,20,19,22,18,19,73,21,20,22,39,27,20,32,23,19,8,23,26,20,22,22,22,20,20,20,20,20,20,20,20,20,20,20,18,20,226,31,16,37,21,25,43,31,35,10,22,7,4,28,24,23,18,22,22,22,22,22,22,22,22,22,22,11,3,22,22,22,22,22,22,24,22,12,22,22,3,10,22,22,21,49,23,23,23,23,23,23,23,23,23,23,23,23,24,22,22,22,22,22,22,24,22,16,22,22,22,22,22,23,22,22,30,22,24,22,22,22,29,21,18,39,21,21,21,21,21,21,21,23,39,21,21,21,21,23,21,21,21,21,21,21,21,23,21,21,21,21,8,21,21,21,21,21,21,21,21,21,21,21,21,21,21,21,23,21,21,21,21,21,21,21,21,21,21,21,21,10,37,21,6,21,21,21,21,21,21,21,63,28,28,75,25,41,26,21,12,21,21,1,21,21,21,23,21,21,2,21,21,21,21,21,2,23,21,22,21,21,21,21,21,1,21,137,25,265,79,72,76,51,118,11,35,71,17,34,28,13,23,3,22,21,21,21,21,21,21,21,21,21,21,21,21,21,21,21,21,21,21,20,21,21,21,21,10,23,21,21,24,21,24,22,22,22,22,22,22,22,22,22,22,22,22,22,5,22,22,22,22,22,22,22,22,21,22,7,3,22,22,23,22,22,22,7,10,22,22,22,22,22,22,22,8,13,14,22,12,21,21,19,11,21,21,21,21,9,21,21,21,21,21,21,15,21,21,21,21,21,1,21,21,21,21,21,21,21,7,21,21,21,21,21,60,24,21,6,21,21,21,21,14,21,6,21,21,21,21,21,2,21,23,21,21,21,21,21,21,21,21,21,21,21,21,21,21,21,9,21,21,21,21,21,21,21,21,23,4,21,21,21,21,21,21,21,21,29,21,21,21,21,21,21,3,22,22,22,22,22,22,24,32,22,29,12,32,20,7,20,15,20,28,52,22,20,20,15,24,28,20,20,9,32,20,8,20,20,20,20,6,20,20,20,20,20,20,20,22,20,20,20,28,20,20,20,20,20,20,20,21,20,22,20,20,20,20,20,20,20,20,22,20,20,20,20,20,20,20,20,20,20,17,20,20,4,20,20,20,20,20,20,20,20,20,19,20,20,20,20,20,20,20,20,20,20,16,20,20,20,20,20,20,21,2,13,20,20,20,20,20,20,20,20,20,20,20,20,20,20,20,20,30,20,20,20,20,22,20,20,21,4,21,21,14,11,19,21,21,21,21,21,21,21,20,27,21,21,21,21,21,9,21,4,7,3,21,21,21,27,21,21,21,21,8,21,13,21,21,21,56,26,55,25,22,21,21,21,21,20,37,23,21,21,27,21,4,22,17,3,22,22,22,22,22,22,1,22,22,22,22,22,22,22,46,21,20,20,20,20,20,20,19,20,20,20,20,20,20,20,20,11,20,20,20,20,20,20,20,20,20,20,27,20,20,20,14,20,28,22,20,20,20,20,20,20,20,20,20,20,20,22,20,20,20,20,20,20,20,18,20,20,1,22,20,13,20,20,36,20,20,20,30,20,20,20,20,20,20,8,20,20,20,20,20,20,20,11,20
1,2,1,1,3,1,2,4,3,2,2,3,2,2,2,2,4,2,2,2,3,2,2,6,3,3,4,3,5,3,3,5,3,3,3,5,5,5,3,8,3,4,4,4,6,5,4,4,4,10,6,5,7,6,4,9,8,5,9,5,7,5,9,6,3,5,5,6,5,6,7,5,8,6,6,8,10,8,8,8,7,8,11,6,9,6,9,6,12,6,9,12,10,11,9,25,7,17,10,11,8,11,8,11,13,13,13,12,15,16,11,12,31,7,10,16,16,15,13,11,12,16,16,14,17,2,16,17,15,12,21,20,23,31,102,154,60,47,17,20,8,13,10,11,8,8,9,10,14,9,13,9,15,10,11,16,13,13,12,14,11,12,11,11,18,12,21,70,62,16,20,33,7,149,15,17,44,15,15,20,13,15,17,17,14,16,13,14,17,9,14,19,18,20,14,16,27,17,1,16,13,8,17,21,24,62,19,22,23,20,18,20,20,21,21,22,20,18,27,26,20,19,22,23,20,24,16,20,20,19,24,21,25,10,24,23,23,22,21,24,25,26,20,28,24,6,20,26,23,7,165,185,3,32,199,19,107,204,81,99,116,23,56,14,15,17,14,25,20,30,7,3,35,21,34,22,8,17,72,46,14,25,17,19,17,16,13,18,16,16,20,17,20,16,16,15,16,16,16,3,13,25,16,16,16,16,16,16,16,16,16,16,16,16,16,16,16,2,16,16,16,16,16,16,16,16,16,16,16,16,17,16,16,16,16,16,16,16,16,16,16,16,16,16,16,16,16,44,18,16,8,16,6,16,16,16,16,16,16,16,16,16,16,16,16,16,16,16,16,6,6,16,16,16,16,16,16,16,16,16,16,16,16,16,16,16,16,16,16,16,6,16,16,16,16,16,16,16,6,16,16,16,16,16,16,16,16,16,16,16,16,16,16,16,16,16,16,16,16,16,16,16,16,1,8,16,16,16,16,16,16,14,16,16,16,16,16,16,85,23,18,16,16,16,16,16,16,16,16,16,18,17,16,16,16,16,16,16,9,16,16,16,16,16,16,16,2,16,16,16,38,16,16,18,16,20,16,16,16,16,16,16,16,9,16,16,16,14,16,16,22,16,16,12,16,18,16,16,16,16,16,16,16,16,16,16,16,16,4,19,16,16,16,16,16,16,16,1,16,16,16,16,16,16,16,3,16,16,16,16,16,18,16,64,13,16,10,16,16,16,16,16,16,16,16,16,11,16,5,16,16,16,16,36,12,5,16,16,16,16,16,16,16,16,5,34,16,16,16,16,16,16,16,17,8,16,16,16,16,16,16,16,16,21,17,17,17,17,10,17,17,17,83,16,16,16,16,16,16,16,16,18,16,16,16,16,16,16,16,16,16,16,16,16,16,16,16,16,16,16,16,19,1,16,16,4,16,9,16,11,16,16,8,16,16,16,16,11,16,16,19,16,21,27,23,78,70,81,1,37,72,41,29,16,25,2,24,28,21,27,10,26,25,22,22,105,42,21,17,5,17,17,17,9,17,17,4,17,17,17,17,17,17,17,17,17,17,17,16,16,16,16,16,16,16,16,16,16,16,1,16,16,16,4,16,16,16,16,16,16,4,63,20,42,18,15,15,15,15,9,6,15,15,15,15,15,15,15,15,7,15,15,15,15,15,15,15,15,15,15,15,15,15,15,15,11,15,15,15,15,15,15,15,15,15,15,15,15,15,15,15,15,9,15,15,8,15,7,15,15,11,15,15,15,15,15,15,15,15,15,15,15,7,10,21,15,15,15,15,15,15,1,15,15,15,15,15,15,15,15,15,15,15,16,16,16,16,16,18,16,16,16,16,16,16,16,16,24,11,15,15,15,15,15,10,15,15,15,15,15,15,17,15,15,15,15,15,9,8,15,15,15,15,15,15,15,15,15,15,15,15,21,15,23,15,15,15,15,15,15,15,15,15,15,15,15,15,15,15,15,15,15,15,15,15,15,15,15,15,15,15,15,15,15,15,15,15,12,15,15,15,15,15,15,15,15,15,4,5,14,15,15,15,15,15,7,8,15,15,15,15,15,15,15,16,5,22,16,16,16,16,16,16,16,16,16,16,16,16,16,12,16,16,16,16,16,17,16,16,3,16,16,16,16,16,11,16,16,16,16,18,16,16,16,16,16,16,16,16,16,16,16,16,16,16,16,16,16,16,16,16,16,16,16,16,16,16,16,16,16,16,16,16,16,9,16,16,31,8,16,24,17,17,17,17,17,17,17,4,1
1,1,1,3,1,1,2,6,2,2,2,2,2,3,2,2,3,2,2,2,2,4,5,4,3,5,3,2,8,3,4,3,3,5,3,4,6,5,4,3,8,3,8,4,7,5,7,7,12,7,10,5,7,6,5,6,9,6,12,6,12,15,11,9,13,9,7,8,8,10,10,11,8,17,11,10,10,9,10,12,19,10,15,6,11,11,20,19,18,21,23,15,36,13,21,16,21,14,14,11,15,12,19,12,15,29,31,7,79,6,4,7,4,4,4,5,7,6,5,6,5,5,28,22,15,8,8,6,6,8,7,21,13,39,19,20,22,12,20,18,14,22,14,15,17,15,15,17,18,19,22,19,22,172,27,18,20,27,28,29,3,16,17,17,6,13,15,14,16,20,15,15,15,15,15,15,15,15,15,15,15,15,15,15,15,77,73,22,61,19,181,75,28,8,13,9,7,4,7,16,8,11,8,13,9,6,8,12,10,12,7,8,12,9,11,9,12,14,9,14,11,10,11,4,10,13,15,13,12,14,13,14,19,15,14,17,13,13,18,20,15,12,15,13,13,19,14,10,14,17,13,16,16,7,20,16,20,20,18,20,16,8,21,17,21,22,23,19,24,9,18,21,23,20,30,24,17,22,21,21,23,24,20,29,23,22,21,23,8,26,20,22,28,22,27,29,50,24,44,35,50,32,8,26,21,23,31,121,27,37,6,19,19,27,21,25,25,27,86,10,149,9,76,43,49,54,33,43,28,33,26,24,21,11,27,23,21,24,21,21,21,21,21,21,21,21,22,7,20,20,20,20,20,10,20,20,20,20,26,43,26,17,23,20,20,38,43,34,34,27,7,20,20,20,20,20,20,20,20,20,20,20,20,20,20,10,24,20,20,20,20,3,20,20,20,20,20,20,20,20,20,20,20,5,20,20,20,20,20,21,21,21,16,22,21,21,161,6,24,21,31,26,24,55,24,20,20,25,25,24,21,21,21,9,21,21,5,35,21,3,9,21,21,21,21,20,23,21,23,21,21,21,5,21,21,21,23,21,21,21,21,21,4,11,21,21,21,21,21,22,24,21,21,21,31,21,21,21,42,24,25,27,21,10,21,21,21,29,27,23,17,16,21,1,21,9,21,23,21,21,21,21,21,21,21,21,21,21,21,21,21,21,21,21,21,21,21,54,55,21,42,21,21,33,63,160,147,30,25,21,23,25,16,18,15,15,15,15,15,15,15,15,15,15,15,15,15,15,15,15,3,15,15,15,15,15,15,15,15,15,15,15,15,15,15,15,15,16,20,16,16,16,17,16,18,16,16,16,33,59,82,21,8,17,15,15,15,15,15,1,15,4,15,15,15,15,16,15,17,15,15,23,15,15,15,15,15,15,15,15,16,15,17,2,15,15,15,15,15,15,15,15,15,2,15,15,15,15,15,15,15,15,15,15,15,15,15,15,15,15,15,15,15,15,15,15,13,15,16,15,15,8,17,9,15,15,15,15,15,15,15,15,15,21,15,15,15,15,15,15,15,15,15,15,15,17,15,16,18,16,16,16,16,16,16,16,16,16,7,16,16,16,16,16,16,16,16,16,16,16,16,16,16,18,16,24,18,17,17,17,17,17,17,18,7,20,18,18,15,18,18,2,16,90,37,17,17,18,17,17,17,17,16,16,17,2,2,17,17,5,17,17,16,17,17,17,17,17,17,17,17,17,17,17,17,17,18,18,19,22,25,22,18,18,18,18,18,18,18,18,18,18,18,18,18,18,18,18,18,18,18,18,19,18,18,18,18,4,18,17,18,18,18,18,18,14,18,18,18,18,7,18,18,18,18,10,18,18,18,18,18,18,18,18,18,18,64,20,17,17,17,17,17,19,17,19,17,17,3,16,19,17,9,5,17,17,6,17,17,17,17,17,17,14,11,15,17,17,17,17,17,17,17,17,33,17,17,19,17,17,17,17,17,17,17,17,17,17,17,17,17,17,17,17,17,17,18,17,17,17,17,17,16,16,16,16,16,16,16,16,16,16,16,16,16,16,15,15,15,15,15,15,15,15,15,15,15,15,15,15,15,15,15,15,15,15,15,15,15,15,15,15,15,15,15,15,15,5,15,15,15,15,15,15,15,15,15,15,15,15,15,15,15,15,15,15,15,15,15,15,2,15,15,15,15,15,15,15,15,15,15,15,15,15,15,15,7,15,15,15,15,15,15,15,15,15,15,15,6,15,15,15,15,15,15,15,15,15,15,15,15,15,15,15,15,15,15,15,15,15
1,1,1,1,2,1,2,2,2,2,2,2,2,2,2,2,2,2,7,2,6,5,3,4,5,4,5,5,6,6,5,5,4,2,3,6,5,6,6,3,3,3,3,3,3,4,5,4,6,6,9,4,5,10,7,5,5,1,7,5,7,6,9,7,5,6,5,5,10,9,8,9,7,6,7,6,9,9,10,2,6,6,7,8,8,8,6,9,8,9,11,11,14,7,9,7,12,7,9,14,7,13,12,9,9,9,12,12,1,12,10,4,17,11,15,11,14,10,12,10,15,10,9,13,13,10,14,13,35,10,17,16,71,23,13,11,9,11,14,12,26,12,23,10,10,16,19,27,23,11,11,21,12,12,125,14,12,16,18,12,15,13,12,15,16,83,13,105,59,13,15,17,19,16,17,13,15,14,16,15,13,17,13,17,14,14,17,17,14,16,20,22,17,16,109,23,16,21,27,28,8,10,16,24,27,23,21,8,16,8,16,16,16,6,16,16,16,16,25,18,16,16,16,16,11,10,16,16,7,16,16,16,16,16,16,8,26,16,16,16,15,16,15,51,36,17,15,15,2,15,15,15,15,15,15,15,15,15,15,15,15,17,15,1,15,18,15,17,15,15,15,17,15,15,15,15,4,81,255,25,28,16,25,20,16,20,28,20,2,9,16,11,16,16,16,16,16,16,16,4,16,16,16,16,16,16,16,16,16,16,16,16,16,16,16,16,16,16,16,16,16,16,16,16,16,16,5,16,16,16,16,16,16,16,16,16,16,16,16,16,16,16,16,16,18,16,16,16,16,16,16,16,16,16,16,16,25,19,16,15,16,16,4,7,16,16,16,16,42,18,16,16,16,16,16,16,16,16,16,16,18,7,18,16,16,16,16,9,13,16,16,16,16,20,16,4,16,6,16,16,16,16,16,16,16,16,17,16,16,16,16,16,16,16,16,16,16,17,16,7,16,16,6,16,16,16,16,16,16,16,17,16,16,16,16,15,16,16,16,11,16,49,24,18,13,12,16,2,16,16,16,16,16,16,16,9,32,54,16,18,16,16,14,16,16,16,16,16,4,16,16,16,16,16,16,16,16,16,16,16,16,16,16,16,16,16,16,16,16,11,16,6,16,16,16,16,16,16,16,16,16,16,16,16,16,16,16,16,16,16,16,16,16,16,15,15,15,15,15,15,15,15,15,15,15,15,15,15,15,15,15,15,15,9,15,15,15,16,18,16,15,15,15,15,1,15,17,15,15,15,12,15,15,15,3,15,15,53,15,39,15,44,13,125,13,9,132,37,20,20,14,14,13,15,6,13,14,13,13,13,14,15,14,14,16,16,19,14,15,17,17,4,17,18,167,24,20,39,70,28,21,18,5,20,17,19,17,17,20,17,17,3,17,38,17,22,25,21,20,19,22,1,4,18,22,21,1,23,83,13,45,85,58,71,43,26,22,38,19,7,23,19,19,25,26,21,25,23,23,15,21,21,21,21,21,21,21,21,21,21,22,22,2,13,29,22,24,26,24,22,22,22,23,22,22,14,22,57,103,101,44,47,3,32,30,22,22,15,20,20,20,20,17,20,20,20,20,20,20,20,20,19,20,20,20,20,19,20,18,47,15,21,21,21,21,21,21,21,21,21,21,96,21,21,21,21,21,21,21,21,21,21,21,21,21,21,21,21,21,21,21,18,21,21,21,21,21,22,10,21,18,21,14,21,21,21,21,21,21,21,21,21,21,21,21,21,21,17,21,21,21,21,10,21,7,21,21,21,21,21,4,21,21,21,21,21,21,21,21,21,23,21,21,14,21,21,21,24,21,21,21,21,21,21,8,21,21,21,21,21,11,21,21,21,21,20,21,21,21,21,21,23,21,21,21,18,21,23,31,15,21,31,29,21,21,21,12,21,21,23,23,21,21,21,18,21,21,21,21,21,21,21,21,21,15,15,15,15,15,15,15,15,15,15,15,15,15,15,15,15,15,15,15,15,15,15,15,10,15,15,15,15,15,16,17,15,15,15,15,15,15,15,15,15,15,15,15,15,15,8,15,15,15,15,2,15,15,15,17,15,15,15,15,15,15,17,15,15,15,15,15,15,9,15,15,15,15,27,15,15,8,29,16,18,18,20,16,16,30,22,16,16,18,16,16,16,16,16,16,16,16,16,16,16,7,16,16,16,16,16,16,17,17,17,23,16,16,16,19,17,17,17,17,17,17,17,17,17,17,17,14,41,39,7,17,17,17,29,21,21,21,21,21,17,21,16,21,21,21,19
4,1,1,1,1,1,3,6,2,3,2,2,2,2,3,2,2,2,2,2,4,2,4,2,3,5,5,3,5,3,3,3,4,3,3,3,6,6,6,6,4,7,4,5,7,4,6,4,4,4,4,7,5,5,7,5,7,8,9,8,5,8,5,5,5,7,8,10,6,18,3,6,8,10,8,7,7,8,11,8,7,8,7,7,7,9,13,7,7,13,7,7,11,11,9,11,9,7,11,8,9,11,10,8,12,12,8,63,14,25,12,10,10,20,11,10,12,14,17,144,111,47,67,87,22,59,26,14,20,8,8,9,10,5,8,9,4,8,9,9,12,11,11,11,9,1,10,10,12,1,12,10,14,10,13,13,10,12,11,14,11,14,15,14,13,15,14,17,9,14,12,17,15,12,15,14,14,13,20,15,21,17,3,20,15,17,15,15,12,19,16,18,65,72,116,3,23,112,28,89,31,23,21,13,11,11,12,15,20,13,13,13,15,16,23,14,14,16,5,16,15,13,16,9,14,15,35,26,20,25,19,21,17,16,19,22,18,50,19,23,22,19,15,17,13,15,15,43,16,16,18,16,18,16,16,50,30,21,26,19,17,20,17,16,16,16,12,16,19,17,16,19,19,15,20,19,20,18,20,18,4,15,18,19,22,112,39,21,22,26,20,35,35,16,21,28,24,68,16,16,23,19,17,17,17,17,29,17,17,3,17,17,19,4,17,17,17,17,9,17,17,17,17,17,17,17,17,17,17,84,48,88,36,16,21,17,39,22,30,15,182,30,36,40,22,20,20,30,20,20,20,2,20,33,93,59,138,68,46,20,19,20,20,20,20,20,20,20,2,20,20,20,20,20,2,20,14,20,20,20,20,20,31,20,20,2,22,20,20,20,20,21,61,10,27,20,54,107,19,41,207,93,266,17,27,158,13,17,6,5,17,17,17,17,17,19,17,17,17,17,17,13,17,17,17,17,17,17,17,17,17,17,17,17,17,17,17,17,17,17,17,17,17,17,17,17,17,17,17,17,17,17,37,29,19,17,17,17,17,6,17,17,17,17,17,17,17,17,17,17,17,17,17,6,17,17,17,17,17,17,17,17,17,17,17,17,17,17,17,17,17,17,11,17,17,17,10,17,17,1,17,17,17,17,17,17,17,17,17,17,17,5,17,17,17,17,17,17,17,17,17,17,17,17,17,17,1,17,17,17,17,17,17,17,17,17,17,17,17,17,17,1,17,17,17,17,17,17,17,17,17,17,17,17,17,17,17,17,17,17,17,17,17,17,17,17,17,10,17,19,17,17,17,17,17,17,17,10,17,17,17,17,17,17,17,17,17,17,9,17,17,14,17,17,17,1,17,17,17,17,11,17,17,6,17,17,17,17,17,11,17,17,17,17,17,17,17,17,8,17,17,17,17,17,17,8,17,6,17,17,17,17,17,17,17,17,17,17,17,20,17,17,17,17,17,17,17,17,17,19,17,17,17,17,17,5,17,17,17,17,17,29,17,17,17,17,17,11,17,17,17,17,29,17,17,17,17,17,17,17,17,17,17,17,17,17,11,17,1,17,17,17,5,17,17,17,17,17,13,17,17,17,17,17,17,2,17,17,1,17,17,17,17,25,17,17,17,21,17,17,17,17,17,17,17,17,17,17,17,17,17,17,17,5,19,37,10,17,17,17,17,17,17,17,17,1,17,19,17,17,11,17,21,17,12,17,17,17,17,17,17,25,17,17,19,17,17,17,7,17,33,17,17,17,17,17,17,37,5,17,18,17,17,17,17,17,17,17,17,23,17,17,17,15,17,17,17,17,17,17,17,17,17,17,17,19,17,17,17,17,17,17,17,17,17,17,17,17,17,17,17,17,12,17,17,17,14,17,17,17,1,4,17,17,29,17,17,17,17,17,17,17,17,17,18,18,18,18,18,18,18,18,14,18,18,18,18,18,18,18,26,18,41,17,17,44,18,58,20,18,18,18,18,26,1,25,17,17,17,17,95,25,19,6,22,22,19,21,19,17,17,17,17,17,17,17,17,17,17,14,17,17,17,17,17,19,17,17,17,17,17,17,17,17,17,17,18,18,18,18,18,18,18,18,18,14,18,12,18,17,15,17,10,17,17,17,17,17,17,17,17,17,17,17,17,17,17,17,17,12,17,17,17,17,20,17,17,17,17,17,17,41,17,17,17,19,17,17,17,12,17,17,17,17,17,17,17,17,17,17,17,17,17,17,17,17,50,17,20,17,17,17,17,17,19,10,17,19,19,33
2,4,1,1,1,2,1,1,2,2,2,2,2,2,2,2,2,2,7,3,2,2,3,6,6,3,4,3,4,3,5,6,3,3,3,6,3,3,7,3,9,4,4,6,6,5,4,4,6,4,6,4,5,5,9,5,7,9,1,6,10,8,7,6,16,12,6,15,6,8,7,7,7,4,6,11,13,8,10,19,11,9,17,9,12,15,10,8,8,8,10,10,8,9,12,15,14,10,15,6,7,9,11,11,16,12,4,15,11,12,10,20,13,11,12,27,12,20,18,13,16,9,66,69,7,5,11,5,6,5,6,8,8,8,6,8,6,7,7,7,10,7,8,10,10,7,11,9,8,10,9,14,9,14,9,12,12,11,9,12,18,16,15,11,21,12,15,12,13,12,17,13,10,8,14,12,14,17,13,15,20,18,25,19,14,15,19,56,50,102,17,43,16,32,16,9,15,14,19,15,17,18,17,16,13,15,19,18,16,17,17,15,16,16,20,22,16,7,10,17,18,172,22,26,16,28,22,27,29,34,35,15,13,14,12,18,19,12,21,16,4,13,16,16,21,20,18,14,20,17,140,28,39,17,7,16,16,61,27,58,9,4,19,18,16,16,16,16,16,16,16,16,17,17,31,9,14,18,15,23,10,19,12,19,16,19,13,21,14,19,18,19,24,16,19,16,18,19,27,11,19,20,17,19,23,25,22,18,27,19,10,22,111,164,44,72,58,44,24,27,33,36,27,27,21,17,19,17,17,17,39,17,14,17,17,17,17,17,17,17,3,17,15,17,14,17,17,17,17,16,17,17,25,17,17,17,17,8,17,17,20,17,15,17,18,17,17,10,17,17,17,17,17,17,3,17,17,18,16,16,16,16,16,16,16,16,16,16,16,18,16,16,16,16,32,31,80,90,30,29,23,23,21,16,16,16,16,16,16,16,20,16,16,16,16,16,16,16,16,16,16,16,16,16,16,26,15,8,16,16,16,16,2,24,16,16,6,16,16,16,16,16,16,16,16,16,16,16,16,16,16,16,7,4,16,16,16,27,16,17,32,17,17,17,17,17,17,17,17,17,17,17,17,17,17,17,17,17,17,17,17,10,17,17,17,28,17,17,17,17,17,17,17,17,17,17,17,14,17,17,17,17,17,17,17,17,17,19,17,17,17,17,17,17,17,19,17,17,17,17,17,12,17,17,17,17,17,17,15,22,25,19,17,17,17,18,18,17,17,17,17,17,17,41,21,21,22,24,22,22,22,10,2,41,43,27,23,3,23,25,23,23,23,22,159,53,38,19,19,19,19,11,17,17,2,17,19,17,20,17,17,17,29,21,3,51,23,29,56,24,27,25,29,17,21,17,17,17,17,17,17,17,18,17,17,17,10,17,17,17,17,67,21,21,17,8,17,17,18,193,33,25,17,18,13,16,16,16,16,23,23,23,6,33,23,43,31,6,16,16,16,16,16,16,16,16,11,16,16,16,16,16,16,16,16,16,16,16,16,16,16,16,16,16,16,16,16,16,16,16,16,16,16,24,16,17,16,16,16,8,10,16,16,16,16,16,16,16,18,16,16,15,16,16,16,1,16,16,16,16,17,14,9,29,2,17,17,17,17,17,17,17,17,2,17,17,17,17,17,17,17,17,19,17,17,17,17,17,12,17,18,17,17,17,17,17,17,16,23,19,17,17,17,17,56,19,17,17,17,17,17,3,17,17,4,17,17,17,17,17,17,17,7,17,17,21,17,17,17,17,17,17,17,17,17,17,17,17,17,17,17,17,17,17,17,17,17,17,17,17,8,12,17,17,17,17,17,17,17,17,17,17,17,17,17,17,17,17,17,17,17,17,17,8,17,16,16,12,16,16,16,3,16,16,16,16,16,16,16,3,16,16,16,16,16,22,16,16,16,16,16,16,16,16,16,16,16,16,16,16,16,16,16,16,13,16,16,16,16,16,16,16,16,16,16,16,9,16,16,16,17,16,16,16,16,16,16,16,16,16,4,16,16,16,9,16,16,16,16,16,16,16,16,16,16,16,16,16,17,16,16,16,16,5,16,16,16,16,17,17,17,17,17,17,17,17,17,16,16,16,16,12,16,16,16,16,16,16,16,16,16,16,16,18,16,16,16,18,16,15,16,16,16,16,16,16,16,8,15,16,16,1,16,16,9,8,16,16,11,16,16,7,2,16,16,16,15,16,16,16,18,16,16,16,16,16,16,16,16,16,36,16,16,16,16,16,16,4,18,16,34,18,16,16,16,16,16,16,16,16
1,1,2,2,1,1,2,1,4,2,2,2,2,2,4,3,4,4,2,2,3,2,3,4,3,3,3,3,5,3,3,3,4,3,6,8,3,3,3,4,5,3,6,4,8,8,5,4,4,4,4,5,4,6,5,6,7,11,8,6,7,7,7,10,5,8,10,7,6,12,11,7,10,7,13,11,7,12,7,9,11,7,8,12,14,8,10,8,11,18,10,93,133,13,50,119,41,6,6,9,6,8,6,8,6,8,6,6,8,6,8,9,7,9,8,11,7,10,12,8,9,8,8,9,10,9,8,127,1,31,19,28,13,17,11,13,11,11,11,11,12,11,43,12,12,14,18,12,3,4,14,17,13,15,13,14,13,15,15,13,18,112,24,20,14,24,15,17,4,17,17,19,16,17,16,15,3,15,15,15,17,15,15,15,15,15,15,15,15,15,15,5,15,15,15,15,16,16,16,16,16,16,12,19,19,17,17,19,12,58,20,16,23,17,17,66,29,175,22,23,122,16,12,36,11,10,5,9,47,47,14,53,11,9,10,10,10,13,16,11,16,11,13,12,11,15,14,12,14,15,12,8,14,13,17,14,15,18,16,16,13,13,18,14,19,15,3,1,14,19,14,15,18,20,17,21,29,18,29,17,26,17,25,15,20,19,26,20,21,21,20,18,120,58,23,22,21,18,19,139,59,24,48,27,35,2,34,25,26,31,20,2,20,19,22,20,62,30,77,36,20,17,18,18,16,16,16,16,16,16,16,16,16,16,16,16,16,16,16,16,16,16,16,16,3,16,16,16,16,16,17,16,16,19,16,18,2,16,16,16,16,16,16,16,16,16,16,91,16,18,16,16,16,16,16,16,16,16,2,1,16,6,16,16,16,16,16,16,16,16,16,16,16,16,16,16,16,16,16,16,16,18,16,16,13,16,16,16,36,128,56,18,18,5,22,15,15,15,15,16,16,16,16,4,16,16,16,16,16,16,2,16,16,16,16,16,16,16,7,16,16,9,16,16,16,18,16,16,16,16,16,19,19,17,1,19,17,9,17,24,18,20,16,16,16,10,16,16,16,16,16,16,16,45,17,17,17,19,17,17,17,17,6,17,17,17,17,17,9,5,17,16,24,16,16,4,16,16,16,16,16,16,16,16,16,16,16,16,16,16,18,16,16,6,16,4,16,16,16,10,16,16,26,18,17,16,16,16,16,18,16,16,16,4,16,16,16,16,9,16,16,16,15,15,16,16,16,16,16,16,16,16,16,16,15,16,16,16,16,16,16,18,16,16,16,16,18,4,16,6,2,13,16,16,16,16,16,16,18,16,16,16,18,16,36,16,16,30,18,16,24,18,16,16,16,16,16,16,16,16,16,16,16,16,16,16,16,16,16,16,16,16,22,16,16,16,4,16,16,16,16,16,16,16,16,16,10,16,16,16,16,16,74,16,27,26,23,20,20,20,20,20,20,17,20,13,20,20,20,20,20,20,23,20,20,20,11,20,20,20,20,9,151,12,64,68,105,125,28,23,4,262,58,30,30,74,50,194,18,19,47,47,16,15,15,15,15,15,15,15,16,15,15,1,15,2,15,15,15,15,15,15,15,15,12,15,15,15,7,15,15,15,15,15,15,15,2,15,15,8,11,15,29,15,15,15,15,15,15,15,15,15,15,9,4,15,15,15,15,15,15,15,15,15,6,15,15,15,9,15,15,15,15,15,15,5,15,15,15,15,15,5,15,9,15,15,15,15,15,15,15,15,15,11,15,15,15,15,15,16,6,16,16,16,16,16,16,16,16,16,16,16,16,16,16,16,16,16,16,16,16,16,16,16,16,16,16,15,6,16,16,16,16,16,16,16,16,16,16,16,16,16,16,16,16,16,16,16,16,12,16,16,16,16,16,16,16,16,16,16,16,16,16,16,16,16,16,16,16,16,16,16,16,16,16,16,16,16,17,16,22,16,1,16,12,40,18,16,16,16,16,16,16,16,16,16,16,16,16,16,16,16,10,16,7,16,16,16,16,16,16,16,16,16,16,16,16,6,16,16,16,16,16,16,16,16,16,16,16,1,16,16,2,16,16,16,16,16,16,1,16,16,16,16,1,16,16,16,16,16,13,12,16,16,16,16,16,16,16,16,16,10,16,16,16,16,16,16,16,16,16,16,16,2,16,16,16,16,16,16,16,16,16,16,16,16,16,16,16,16,18,17,17,17,17,17,17,17,17,17,17,17,17,17,17,17,17,17,17,12,17,20,17,17,17,17,19,17,17,17
1,1,2,1,2,2,1,1,2,2,2,2,7,2,3,3,2,2,2,4,2,4,3,3,4,5,3,2,3,5,3,3,3,10,3,3,3,3,3,9,3,6,4,5,2,5,8,4,6,4,7,4,6,5,7,5,5,7,8,5,8,6,5,11,15,18,6,9,6,8,7,6,9,12,7,7,12,10,11,84,13,77,76,16,23,10,8,9,8,8,9,46,7,32,10,10,12,8,12,9,10,10,11,16,11,9,12,14,10,10,13,12,11,14,15,14,13,14,12,50,19,54,16,136,48,6,6,7,8,6,4,7,6,8,10,9,13,7,11,8,11,8,8,2,8,8,8,10,9,9,11,13,9,16,10,9,11,15,12,11,12,10,3,12,15,5,10,10,12,12,15,14,12,12,11,13,24,15,14,16,16,12,12,14,14,22,14,20,15,15,15,3,17,17,16,21,15,105,37,14,28,17,19,106,18,23,24,17,23,29,16,20,20,24,27,21,19,19,16,16,21,19,18,26,21,26,21,19,20,21,7,26,24,19,24,8,21,20,20,18,20,26,25,44,13,67,147,47,14,37,21,6,16,19,3,13,14,15,28,32,22,29,25,22,21,6,22,22,20,19,11,21,22,22,23,25,28,24,23,21,75,119,6,53,21,26,18,45,49,31,36,14,16,16,17,23,16,20,23,16,16,16,20,18,16,15,84,116,112,29,17,21,19,17,19,17,19,17,10,19,27,17,17,17,18,18,18,67,21,17,17,7,17,8,17,17,25,17,17,17,17,2,17,19,17,17,20,17,17,17,17,17,55,27,17,21,17,35,83,17,89,9,17,55,17,17,17,17,17,17,17,17,17,9,19,17,17,17,17,17,3,7,17,17,17,11,17,17,12,17,17,17,17,17,17,17,17,17,17,17,17,1,9,11,17,17,17,11,17,17,17,1,17,17,19,17,4,17,17,15,17,8,17,17,17,17,17,3,8,2,17,17,17,17,5,17,17,3,17,17,17,21,46,24,21,17,21,23,21,21,29,9,118,17,25,17,17,17,17,18,34,44,16,24,16,16,16,16,5,16,16,16,16,16,16,16,16,16,16,10,16,16,16,16,16,16,11,16,16,16,16,16,16,16,16,16,16,16,16,18,16,18,16,16,16,16,16,16,16,16,16,16,2,16,16,15,16,16,16,16,36,16,16,16,16,16,16,16,12,16,16,16,16,16,16,16,16,16,16,16,16,16,16,5,16,16,16,16,16,16,16,18,16,16,12,16,2,16,12,16,16,16,16,16,16,16,3,16,16,16,16,16,16,16,16,16,16,16,16,16,16,16,16,22,16,16,16,9,18,3,16,16,16,10,16,16,16,16,16,16,16,16,16,24,16,16,7,16,17,16,16,16,16,5,16,16,16,16,16,16,16,22,16,16,16,16,18,16,16,16,16,16,16,18,16,16,16,16,17,16,16,16,16,16,16,26,16,16,48,16,16,16,10,34,16,16,16,16,16,16,9,16,16,16,16,16,16,2,16,16,16,16,16,28,4,16,16,30,20,20,5,16,16,16,16,16,16,16,16,16,16,16,14,26,16,16,1,26,22,16,17,17,17,17,11,17,17,17,17,17,12,17,17,17,17,17,20,17,10,17,17,17,17,17,17,14,17,17,17,17,14,17,12,2,5,17,17,17,17,11,17,17,17,17,17,17,17,17,17,17,17,17,17,17,15,36,41,28,17,17,17,1,17,3,17,17,29,29,17,58,18,21,61,17,20,20,20,20,35,23,20,5,21,96,25,21,22,20,20,20,20,12,20,20,20,20,20,7,20,20,20,20,20,20,13,20,14,20,20,20,20,20,23,20,20,13,20,20,20,20,20,20,20,20,20,20,19,20,20,7,20,20,10,20,19,21,21,21,21,21,21,5,21,23,21,3,21,21,21,21,21,21,21,4,21,21,21,21,21,21,21,21,21,21,21,21,21,21,21,21,21,21,21,4,21,37,21,21,21,21,21,21,21,13,21,21,21,21,31,2,21,21,21,21,21,21,21,21,21,15,21,11,21,18,21,33,6,23,2,2,21,21,21,20,21,21,45,21,21,23,21,23,2,21,21,27,21,21,21,21,21,21,21,21,21,21,21,9,21,21,21,21,21,1,21,21,21,21,21,4,8,21,21,21,21,21,21,21,21,21,21,21,20,7,3,21,21,21,10,21,21,21,21,21,21,21,21,21,21,22,21,22,22,22,22,16,22,13,50,25,23,13,75,23,6,48,22,22,16,16
3,1,1,2,3,5,1,4,2,4,2,2,2,2,2,1,3,2,2,2,6,2,2,2,4,2,4,5,8,5,4,3,3,5,3,3,3,3,3,4,5,7,6,6,4,7,4,6,4,7,7,16,5,11,5,7,5,7,7,7,10,5,6,17,11,13,11,12,16,10,14,11,10,12,8,8,12,12,14,19,12,14,9,15,20,15,13,10,16,14,11,11,16,17,57,4,4,4,5,6,7,12,23,10,5,9,26,10,6,6,6,8,6,6,2,5,6,6,11,11,7,7,7,7,8,10,11,2,8,8,10,10,10,9,14,8,8,12,2,13,13,11,9,11,12,11,15,10,10,13,13,11,15,10,10,78,21,4,18,11,12,15,6,13,10,16,21,14,2,16,13,17,12,12,13,17,17,21,16,16,17,21,16,18,16,25,17,8,24,21,19,27,22,9,23,21,22,18,21,30,18,27,22,13,21,19,20,26,23,25,21,28,24,19,25,27,46,12,13,12,14,6,14,11,11,19,20,15,13,12,12,16,14,16,8,16,17,18,10,21,18,23,17,13,14,15,15,106,56,188,97,34,42,29,17,19,16,15,15,15,15,15,15,15,15,14,15,15,15,15,15,15,15,15,15,15,15,15,15,15,15,1,15,15,15,15,15,20,4,16,16,16,16,16,16,16,16,16,17,18,19,19,21,17,17,17,17,17,17,17,17,17,9,17,17,17,17,6,17,17,17,17,1,17,17,17,17,17,17,76,75,14,26,17,17,17,17,17,17,10,18,4,18,23,25,22,19,19,19,19,19,11,19,19,19,19,19,19,19,13,19,19,19,19,19,19,67,19,36,27,18,18,40,33,27,21,27,25,16,54,38,47,35,28,26,24,26,29,2,22,28,26,22,24,24,22,24,22,22,22,1,56,56,197,26,51,36,395,48,116,61,73,33,48,43,48,43,20,29,38,24,38,18,20,18,18,15,18,18,18,18,11,18,18,18,16,18,18,18,18,18,18,18,109,8,16,45,33,21,14,44,26,23,17,19,17,17,17,17,17,17,17,16,16,14,16,16,16,16,16,16,16,16,16,16,16,16,16,16,16,16,16,16,18,16,16,16,16,16,18,1,16,16,16,16,16,16,16,16,16,18,16,16,16,16,16,16,16,2,66,23,16,18,16,16,16,16,16,16,16,16,16,16,16,16,16,16,9,16,16,16,16,16,16,16,16,16,16,16,16,16,16,16,16,16,7,18,16,16,16,16,16,16,16,16,28,16,16,16,6,16,16,1,16,16,16,16,16,16,16,16,7,16,16,16,16,16,16,16,16,16,16,16,16,16,16,17,17,17,17,6,17,17,3,19,17,17,17,17,17,17,17,17,17,21,17,17,17,17,17,17,17,17,17,17,17,17,6,17,11,17,17,17,3,17,17,17,21,17,17,69,25,14,16,27,20,20,20,20,20,20,20,20,20,20,20,20,20,20,20,20,20,20,20,20,20,22,22,20,20,21,20,21,23,21,19,20,21,21,21,21,21,21,21,21,21,70,26,22,21,9,25,18,23,21,21,21,21,21,32,21,21,23,17,27,6,21,21,21,21,21,21,21,21,21,21,18,16,16,16,16,16,16,16,16,16,16,16,10,21,16,16,16,9,16,16,16,16,16,16,16,16,16,16,16,16,16,16,22,16,14,16,16,16,16,16,16,16,16,16,15,16,16,16,16,16,16,16,15,16,15,17,15,16,15,15,12,21,15,27,15,15,15,15,15,15,15,15,15,16,16,16,16,16,16,1,9,16,16,16,16,16,15,15,15,15,15,15,15,15,15,15,15,15,1,15,15,15,9,15,9,15,6,15,15,15,15,15,15,15,9,15,15,15,15,15,16,16,16,16,16,16,16,16,16,16,16,13,16,16,16,16,16,16,16,16,16,18,16,16,16,16,9,16,28,16,16,16,18,16,16,16,11,16,11,16,16,16,1,16,16,16,16,16,16,16,16,16,16,16,16,16,16,16,16,16,3,16,16,6,4,16,19,9,15,17,3,15,15,15,15,17,15,15,15,15,2,15,15,21,15,21,15,15,15,15,15,15,14,15,8,15,17,15,15,15,15,15,15,29,15,8,15,15,48,3,15,15,15,12,15,15,15,8,15,15,15,15,15,38,15,15,15,17,15,15,15,15,15,8,15,15,59,15,15,15,7,16,28,19,7,20,20,20,9,20,20,15,15,15,15,15,15,15,20,15,15,15,15,12,15,15,15,15,15,15,15,1,15,15
1,6,2,1,2,1,2,1,3,4,3,4,2,2,2,2,2,2,2,2,2,3,4,7,4,2,3,2,3,3,5,3,2,3,3,3,3,5,5,5,8,6,6,5,4,3,16,13,4,6,4,6,8,5,5,9,6,5,8,10,6,5,6,9,11,6,10,9,16,10,18,12,7,7,11,9,10,13,12,10,13,15,33,10,12,13,14,18,10,17,13,30,11,15,12,11,17,12,19,19,26,16,4,13,12,14,17,21,21,14,22,17,16,19,21,20,16,13,26,20,5,18,20,17,25,18,17,24,20,22,16,22,19,19,27,108,21,70,15,14,4,4,5,5,5,6,6,5,2,8,8,6,8,7,9,6,6,15,15,10,8,10,12,11,9,11,1,10,15,72,93,13,9,22,16,11,24,9,11,13,15,11,10,10,11,11,11,8,13,5,14,12,12,12,14,11,17,12,12,15,18,12,15,8,12,16,14,12,13,12,13,13,21,15,12,155,34,29,23,13,25,18,22,18,17,20,19,16,17,19,20,2,16,16,19,19,34,23,4,14,15,20,16,16,16,8,19,22,15,18,2,20,17,17,22,20,18,16,16,24,16,16,21,20,19,50,24,48,31,38,4,20,26,17,22,25,19,26,18,23,20,19,19,23,20,22,8,25,30,22,43,20,32,21,15,29,20,25,23,11,22,23,24,20,24,20,119,20,51,29,23,40,266,39,33,2,17,17,9,17,10,17,18,18,20,18,18,153,58,46,92,191,300,38,25,38,27,23,20,16,151,30,16,34,15,37,50,43,32,8,28,37,31,27,27,25,26,29,26,24,22,18,16,2,16,18,12,16,16,16,16,2,16,16,16,19,16,16,4,16,16,16,16,32,16,16,16,8,16,16,16,16,16,9,16,16,16,16,16,16,11,16,16,18,16,7,16,16,16,16,16,16,16,16,16,16,10,16,16,16,16,16,16,16,16,16,16,16,13,16,9,16,16,16,16,16,16,16,16,16,16,16,19,16,16,16,16,16,16,16,16,16,16,16,16,7,16,16,16,2,7,40,16,16,16,16,16,16,16,16,17,16,18,16,16,16,16,16,16,18,24,22,16,16,16,16,16,16,16,16,16,16,16,16,16,18,22,16,16,18,16,16,16,16,16,16,16,18,16,16,16,16,16,16,16,16,22,16,11,16,16,16,16,3,16,17,17,17,17,17,17,12,8,17,17,17,17,17,17,17,17,17,19,17,2,17,17,10,17,17,17,17,17,17,17,29,17,17,17,17,17,17,17,17,17,17,17,17,17,19,17,17,17,17,17,17,17,17,17,17,17,17,17,17,17,17,17,17,17,17,17,17,17,12,16,18,16,16,16,16,16,16,16,16,16,16,16,16,16,19,1,16,16,16,16,16,16,16,16,46,18,35,28,19,4,16,13,16,16,1,16,16,16,16,16,5,16,16,36,5,16,16,16,16,16,16,16,16,16,16,5,16,16,16,16,16,16,16,16,16,16,18,16,16,18,16,16,16,16,16,16,16,16,16,16,16,16,16,16,16,16,16,16,16,11,15,16,16,16,16,4,16,16,16,16,16,16,16,16,16,16,3,18,8,16,16,16,16,16,16,16,16,16,16,16,16,16,16,18,16,16,16,3,16,10,5,16,16,16,16,5,16,16,16,16,16,16,16,16,16,16,13,18,28,28,18,16,2,99,14,16,16,20,6,18,20,18,64,133,1,27,18,18,22,22,30,18,22,32,22,18,4,13,16,16,24,16,16,16,16,16,16,16,16,16,16,16,16,16,12,16,16,16,16,8,16,16,16,16,7,16,1,16,16,16,16,16,16,16,16,16,11,16,16,16,16,16,16,16,2,18,8,18,16,16,16,16,16,16,16,16,16,16,16,16,16,6,4,16,16,16,16,16,16,16,16,16,16,16,16,16,16,16,16,16,16,16,16,16,16,16,16,9,16,16,16,16,16,16,16,16,18,16,16,18,16,16,16,16,16,14,16,16,16,16,26,16,16,16,10,8,16,16,16,16,6,24,16,2,16,16,14,16,16,16,16,16,16,16,16,16,16,16,16,16,23,16,16,55,16,16,16,16,16,16,16,16,16,16,16,16,16,16,16,16,16,9,16,16,16,14,16,16,16,16,16,16,16,16,16,16,16,16,16,16,16,16,16,16,26,16,16,16,8,16,16,16,16,16,16,16,18,16,16,16,16,16,33,16,16,16,18,16,16,16,16,16,16,16,16,16,16,16,16,16,16,16,16,16,36
4,1,1,1,1,1,2,2,2,2,2,2,2,2,3,2,5,3,2,2,2,3,2,5,5,5,7,4,3,3,4,3,3,3,3,3,4,3,5,3,4,6,6,4,4,7,6,4,9,7,5,7,5,8,6,5,6,7,6,11,1,6,4,6,10,10,6,6,8,7,8,7,11,7,11,11,8,7,10,14,9,11,7,8,5,7,14,7,10,12,13,24,11,13,26,19,64,39,42,108,18,7,10,7,11,11,8,14,10,8,9,11,9,10,9,11,12,13,13,10,13,14,8,12,13,13,17,11,13,11,12,11,16,14,12,15,4,3,17,13,17,16,13,17,13,17,23,29,15,20,15,16,16,19,17,14,16,16,18,15,20,1,8,93,75,29,34,22,10,21,11,8,10,13,10,5,25,151,14,22,12,8,10,9,13,10,10,12,9,11,10,10,12,10,8,12,15,12,11,11,10,10,12,80,43,12,20,13,18,15,12,83,1,38,68,12,47,35,22,17,16,14,18,12,13,13,15,13,16,14,16,19,15,16,19,17,16,17,19,16,16,20,19,16,16,22,19,19,4,21,23,60,24,176,40,69,42,38,17,24,45,27,44,70,24,21,15,15,15,15,15,15,14,15,15,15,15,17,18,177,31,11,51,44,17,15,15,15,15,15,15,15,15,15,15,15,9,15,15,15,15,21,4,15,15,15,15,12,15,15,15,25,22,16,15,31,18,39,23,15,15,15,15,15,15,15,15,15,12,15,15,15,15,15,15,15,5,169,63,29,132,38,25,21,10,31,19,22,20,24,24,23,21,80,77,76,24,31,58,38,5,40,28,36,26,24,111,26,83,113,23,15,15,15,1,15,15,15,15,15,15,15,15,15,15,15,15,1,15,15,10,15,12,11,15,15,15,15,15,15,15,15,15,15,13,15,15,15,15,15,15,15,15,15,15,15,16,16,17,16,16,16,21,16,16,24,24,24,17,17,17,24,16,16,16,16,16,16,16,16,16,16,13,16,16,16,16,16,16,16,16,16,16,16,16,16,16,16,11,16,16,16,16,6,22,16,16,16,16,16,16,16,16,4,16,16,16,16,16,16,16,16,16,16,16,16,18,16,16,16,16,16,16,16,9,16,16,4,16,16,16,16,16,16,16,15,16,16,16,16,16,16,16,16,16,16,16,16,18,13,16,16,16,16,16,16,16,16,16,16,16,16,16,16,16,16,16,16,16,16,16,13,16,16,16,16,16,16,16,16,16,16,16,16,16,16,16,24,16,16,16,16,18,16,7,16,16,16,15,16,1,16,16,16,16,9,16,16,16,16,16,13,28,16,16,16,16,16,16,16,16,16,15,15,15,15,15,17,15,15,15,15,17,15,15,15,15,15,15,15,15,15,15,15,15,15,15,15,15,15,15,15,15,15,15,15,15,15,51,15,15,15,15,15,15,15,15,15,15,15,15,15,15,15,15,15,15,15,17,15,15,17,15,15,15,15,4,15,15,5,15,15,27,15,15,110,27,18,22,26,22,16,16,7,42,109,16,16,3,3,16,16,16,16,1,16,5,16,16,16,16,16,16,16,16,16,16,16,16,12,17,17,6,17,17,17,17,17,8,17,17,17,17,17,18,37,19,17,17,17,17,2,17,17,17,17,17,17,17,9,17,17,17,17,9,2,17,17,17,17,17,17,17,17,17,17,17,17,17,17,17,17,64,19,19,17,17,19,17,17,17,17,17,17,17,13,17,17,17,17,17,17,17,17,17,17,10,17,17,17,17,17,17,20,17,17,17,21,17,17,17,17,17,12,17,17,15,17,17,5,17,17,17,17,17,17,17,17,17,17,17,17,17,8,17,17,17,17,5,17,17,3,17,17,17,17,1,17,17,17,16,17,3,17,17,17,65,24,12,24,10,3,18,18,18,18,4,4,18,18,18,9,18,18,18,18,18,20,18,18,18,18,18,125,21,18,22,18,18,18,18,5,18,19,17,17,17,17,17,17,17,17,17,17,17,17,17,17,17,17,17,17,17,17,17,17,8,17,17,17,17,19,17,6,17,17,17,18,20,33,12,17,6,17,17,17,17,1,17,9,17,17,17,17,17,11,17,17,17,17,17,17,20,17,17,17,17,17,17,17,17,17,17,17,8,17,17,17,17,17,17,17,17,17,17,17,1,17,5,17,17,17,17,17,17,17,17,17,45,19,29,17,17,8,17,17,17,17,17,17,17,17,17,17,17,17,19,17,17,17,17,17,17,17,17,17,23,27,17,17
1,1,2,1,3,1,3,2,2,2,2,2,2,3,2,2,2,6,2,4,2,4,2,4,3,4,3,7,3,3,3,3,3,3,5,6,7,3,3,3,3,4,3,3,5,4,4,5,6,6,8,6,4,4,5,8,8,5,4,6,5,10,6,5,5,6,5,5,11,14,6,7,8,10,7,8,7,11,10,7,8,9,10,12,8,13,14,10,10,11,14,10,11,9,12,10,14,14,15,13,12,10,11,13,19,12,12,17,3,15,17,17,12,6,8,9,6,9,7,14,7,74,4,6,8,8,7,6,7,9,9,8,7,7,17,8,3,10,8,10,12,8,8,11,77,14,14,9,11,13,11,11,11,15,11,13,11,13,14,12,10,60,148,100,93,14,16,16,5,18,14,15,19,13,15,19,15,17,15,21,17,17,19,5,13,18,16,210,66,74,62,14,70,40,19,32,2,129,42,160,27,22,25,12,15,37,38,23,14,22,15,18,38,27,18,23,19,15,15,16,17,20,15,19,9,18,19,20,19,18,19,20,22,17,22,2,71,12,23,27,73,40,5,71,25,25,17,18,2,27,28,23,21,17,2,17,20,21,18,21,18,10,19,19,23,19,24,19,20,19,23,9,25,22,21,26,25,41,9,27,140,61,32,37,126,19,22,8,16,19,16,16,16,17,16,16,16,16,16,16,16,16,4,16,16,16,16,16,16,16,16,16,16,16,2,9,16,16,31,24,16,16,16,16,16,16,16,16,16,16,16,16,17,16,16,16,16,9,16,16,16,16,18,16,16,16,22,16,16,16,16,16,16,16,16,16,16,16,16,16,16,16,16,16,16,16,16,16,16,16,16,16,16,16,16,17,17,25,19,17,18,17,17,17,17,17,17,17,17,17,17,17,17,17,17,17,17,17,17,17,17,17,17,17,17,17,9,17,17,17,14,17,17,17,17,17,19,17,4,5,7,17,17,17,16,19,17,17,17,39,17,17,8,17,17,43,17,17,17,17,17,17,17,17,17,3,19,17,17,17,17,17,17,5,11,17,17,17,17,17,17,17,17,17,17,17,17,17,26,189,42,34,17,19,13,17,17,16,16,16,16,16,16,16,16,16,16,16,16,16,3,16,16,18,3,16,16,1,16,16,16,16,16,16,16,16,16,16,16,16,10,16,16,16,10,16,6,16,16,16,16,16,16,16,16,16,16,16,8,2,16,16,16,16,18,16,16,16,16,16,16,16,16,16,16,15,16,16,3,16,13,16,28,16,16,16,16,16,16,16,16,16,16,15,16,16,16,16,3,16,16,16,16,16,16,16,16,16,16,16,16,16,16,16,16,16,16,16,16,16,18,16,16,14,46,4,12,16,12,16,16,16,16,16,16,16,13,16,16,16,16,16,16,16,18,16,16,16,16,16,16,10,16,16,15,18,16,16,16,16,16,16,16,16,16,16,16,16,16,16,16,16,7,11,16,16,16,16,16,16,18,16,16,16,16,16,16,16,16,16,16,16,16,28,16,16,16,16,16,16,16,13,16,16,16,16,18,18,16,12,16,16,16,16,16,16,16,6,16,17,16,16,16,16,16,14,17,16,16,16,16,16,3,16,16,16,12,16,17,3,15,17,17,17,17,17,17,17,16,16,16,16,16,16,16,16,16,16,16,16,16,16,16,13,16,16,16,16,26,16,4,16,32,16,16,18,18,16,16,15,2,16,16,16,16,3,16,10,16,16,16,16,16,5,16,16,16,16,16,16,16,16,16,16,16,16,16,16,16,16,16,16,16,16,16,16,16,16,16,16,16,16,16,28,16,16,16,11,16,16,16,16,16,16,16,16,16,16,16,16,16,16,16,16,16,16,8,16,16,16,16,16,18,16,16,16,16,16,7,16,16,16,16,16,16,16,16,16,16,16,16,16,18,16,6,16,16,16,16,16,16,1,16,26,6,16,16,18,16,16,16,16,16,7,16,16,16,11,16,16,16,16,28,16,12,16,18,177,36,26,28,18,18,20,18,16,16,16,16,16,16,16,16,16,16,16,16,16,9,16,16,16,16,16,15,16,16,16,16,16,16,16,14,11,16,9,16,16,16,3,16,16,16,16,16,16,16,16,16,16,16,16,16,16,5,16,16,18,16,34,16,16,16,6,16,16,16,16,22,16,16,16,16,16,16,16,17,16,13,16,10,16,16,16,16,16,16,16,16,16,16,16,16,16,16,16,16,16,16,16,16,16,16,16,16,3,16,16,25,16,11,16,16,16,16,16,16,16,16,16
1,1,2,1,2,1,2,1,2,2,3,2,2,2,2,4,2,2,8,3,2,4,2,2,3,6,3,3,7,3,5,3,5,3,10,3,6,8,6,4,6,4,6,5,7,9,6,6,9,11,5,5,8,5,6,10,6,14,7,6,8,14,11,11,10,2,8,10,8,13,11,9,7,9,12,11,13,8,11,12,10,19,12,15,11,11,15,16,16,14,11,19,15,15,15,5,22,2,21,92,33,3,3,4,4,4,4,4,5,5,17,5,32,8,5,6,8,6,6,6,6,8,8,7,6,4,10,7,8,9,7,11,8,10,11,9,8,8,22,121,18,11,8,27,14,16,10,11,10,10,8,12,9,10,13,12,10,11,14,29,25,89,6,12,11,13,10,16,11,13,13,15,34,33,65,17,35,13,19,15,15,17,16,18,18,13,20,16,14,13,4,17,14,4,17,20,16,14,23,15,17,16,17,14,15,20,18,17,24,18,19,19,5,18,17,18,15,2,21,15,38,32,39,15,43,15,7,15,15,18,17,16,49,39,117,233,8,66,44,47,30,157,26,1,53,26,15,13,13,13,14,4,9,15,20,16,14,16,17,14,15,17,15,17,8,18,18,18,212,16,28,22,24,30,14,34,36,23,23,22,18,4,18,21,18,18,18,19,18,21,19,24,27,35,7,22,34,38,27,82,42,42,161,190,14,27,12,160,49,22,9,6,1,49,25,38,37,80,25,50,30,150,20,32,21,23,23,21,12,21,21,21,21,7,21,116,26,22,22,22,23,22,22,31,118,26,38,22,22,22,22,8,22,22,22,2,22,22,22,24,22,22,22,186,22,29,23,23,21,21,21,21,21,21,21,21,4,21,21,21,21,21,21,21,21,8,21,21,21,21,21,21,21,21,21,23,21,21,6,4,10,23,21,21,23,21,15,46,4,15,15,15,15,15,11,17,15,15,15,15,15,15,15,15,15,15,15,15,15,15,4,15,15,15,17,15,15,15,15,8,15,15,15,15,15,15,15,5,15,15,15,15,15,15,15,15,15,15,15,15,15,18,20,16,16,16,16,16,16,16,16,16,16,16,16,16,16,16,16,16,16,16,8,16,16,16,16,16,16,16,16,16,16,16,16,16,16,16,16,16,16,16,16,16,16,16,16,17,16,16,16,16,16,16,16,1,18,16,2,16,16,16,16,16,16,16,16,16,19,16,16,16,16,3,12,16,11,16,16,5,16,16,22,16,16,16,16,16,16,16,16,8,16,16,16,16,16,16,16,16,16,16,15,16,16,1,16,16,16,16,16,16,16,16,16,3,16,16,1,16,16,16,16,16,16,15,25,16,16,16,16,16,15,16,16,16,16,16,16,16,16,16,16,16,16,16,16,16,16,16,16,16,16,16,16,16,16,16,16,16,16,16,16,16,16,16,5,16,16,11,16,16,16,16,2,16,16,16,16,16,16,16,16,16,16,16,16,16,16,16,16,16,16,16,16,16,16,16,16,16,16,16,16,16,16,16,8,16,16,16,16,16,16,16,16,16,16,16,18,16,16,14,16,16,16,16,18,16,16,6,16,7,16,16,16,16,16,16,18,16,3,16,16,16,16,16,9,16,16,16,16,16,16,13,16,16,16,18,16,16,16,16,16,16,16,16,16,16,16,6,16,16,16,16,16,16,16,16,16,16,5,16,16,16,16,16,16,16,16,11,16,16,18,16,16,16,16,16,16,16,16,16,9,16,16,16,11,16,16,16,16,16,16,16,16,16,16,16,16,16,16,16,4,16,15,16,2,16,16,16,16,1,16,16,16,16,16,16,50,18,22,42,16,16,22,20,16,16,16,16,16,16,16,16,16,16,16,16,16,16,16,3,16,30,16,16,16,16,16,16,16,16,16,15,23,15,15,15,15,15,17,15,15,15,16,16,16,16,16,16,16,15,15,15,15,15,7,15,15,15,15,15,15,15,15,16,16,16,4,16,16,9,16,16,16,16,16,16,16,16,16,16,16,18,16,16,16,24,16,14,16,16,16,16,16,14,16,22,16,16,16,16,16,11,16,16,16,16,16,16,16,16,16,16,16,16,14,16,16,16,16,16,16,16,16,16,16,1,16,16,16,16,16,16,6,16,18,16,16,16,16,13,16,16,16,16,16,16,16,16,16,16,1,8,16,16,13,16,16,8,23,15,15,15,15,15,15,15,15,15,15,15,15,15,15,15,15,15,15,15,15,15,11,16,15,15,15,15,16,16,16,16,16,16,16,16,16,16,16,16
