1,1,1,2,2,2,1,4,1,4,2,2,4,2,2,6,6,2,6,5,2,3,2,2,4,8,3,3,3,4,3,3,3,5,6,4,5,3,5,7,4,5,3,9,12,9,5,6,4,5,4,4,15,5,11,12,6,29,7,14,10,6,10,8,12,6,10,6,12,9,6,5,5,9,5,12,9,19,11,18,13,12,11,10,10,16,11,15,16,10,15,10,11,12,13,2,12,8,14,15,11,11,11,9,11,18,4,10,8,1,7,13,14,13,12,8,11,15,11,23,1,14,25,8,1,14,1,24,16,6,25,20,17,4,4,1,1,2,3,2,1,1,1,3,19,15,22,18,18,17,4,2,1,1,6,8,4,15,12,3,16,13,2,3,31,2,16,18,1,16,1,1,1,14,15,4,2,3,4,2,14,6,2,2,1,3,1,2,4,1,7,1,1,1,1,1,2,1,2,1,2,1,1,2,1,2,3,1,5,3,3,2,1,4,2,3,2,5,2,1,2,1,2,1,1,1,1,1,1,1,1,3,2,1,1,1,21,1,1,2,3,1,1,2,4,1,1,1,1,1,1,2,2,1,1,1,2,1,1,1,1,4,2,2,2,1,1,1,1,2,1,2,1,1,1,2,1,1,1,1,4,1,2,2,1,1,4,1,2,1,3,2,1,3,1,17,1,16,2,22,1,18,2,3,2,6,21,1,1,3,3,1,4,2,3,1,1,5,2,2,3,2,2,3,3,2,1,2,1,2,2,1,3,1,4,2,1,1,1,1,1,1,1,1,1,1,1,2,3,3,1,1,1,1,4,1,2,1,2,1,1,2,2,1,1,2,1,1,1,1,3,3,4,2,3,1,1,1,1,2,25,2,16,3,1,3,1,1,1,3,1,2,1,1,1,1,1,17,3,10,1,1,3,13,2,4,2,2,2,2,1,12,3,1,4,2,1,1,1,2,1,1,2,1,1,3,5,1,1,1,2,1,1,3,2,1,3,1,4,1,1,2,1,1,1,1,1,2,4,1,1,1,3,2,1,1,1,1,1,2,3,2,3,7,1,1,2,4,2,2,2,1,3,3,1,1,1,1,1,1,2,1,2,1,1,2,1,1,1,1,3,2,2,1,1,1,1,2,1,2,8,1,1,2,1,2,1,1,2,2,1,2,2,2,1,1,1,1,2,1,1,1,1,3,1,2,2,2,3,1,2,2,1,8,1,1,1,1,2,1,1,1,1,4,1,1,2,1,1,1,1,2,1,1,1,3,3,1,2,2,2,2,5,1,2,1,1,2,1,3,2,1,2,1,3,1,1,1,2,1,2,2,2,1,2,1,3,1,1,2,3,2,2,2,1,1,3,1,1,2,2,2,1,1,2,2,1,2,2,4,3,2,1,1,1,2,3,1,2,1,2,4,3,1,3,1,1,1,2,1,1,2,2,1,2,1,1,3,3,1,1,1,1,1,1,1,3,1,2,1,1,1,1,1,1,2,1,2,1,1,1,1,1,1,1,1,1,2,2,1,1,1,4,2,1,1,12,2,1,2,1,1,1,2,1,2,1,1,2,1,1,1,4,2,1,1,1,3,1,1,1,1,1,1,1,2,1,1,1,1,2,1,3,5,2,1,2,1,1,1,1,1,1,1,2,3,1,1,2,1,1,2,1,2,4,1,1,1,1,1,1,1,1,2,3,1,1,1,1,1,1,1,1,1,1,4,1,3,2,2,2,1,1,2,2,1,1,1,1,13,1,1,1,1,3,2,2,1,1,1,2,1,2,1,1,1,2,2,1,2,1,1,2,1,2,1,2,1,1,1,1,2,2,2,1,3,1,2,1,18,1,2,1,2,1,1,1,2,21,2,4,2,1,2,1,1,2,1,1,1,2,1,14,1,1,1,1,1,1,1,3,1,17,1,3,1,3,19,1,22,4,3,1,2,1,19,1,3,28,1,4,1,2,21,6,1,26,2,21,2,1,2,2,1,2,27,1,24,5,2,1,1,1,2,1,4,3,1,1,2,3,2,1,2,1,2,1,1,3,3,1,1,2,2,1,3,1,1,5,1,1,1,1,1,1,1,2,1,1,2,1,2,1,1,2,2,2,1,1,1,1,2,2,1,2,1,2,1,2,1,1,2,1,2,1,1,1,1,1,1,1,1,2,1,1,2,1,3,1,1,1,1,1,1,3,1,1,1,2,1,1,2,1,1,1,3,1,5,1,1,1,1,3,1,2,1,5,1,1,2,2,2,1,2,1,2,2,1,2,2
1,1,1,5,3,5,3,2,1,2,2,2,2,2,2,4,3,2,3,4,2,3,6,4,10,3,4,3,2,3,3,5,3,11,5,9,3,6,4,4,4,6,6,6,11,7,11,4,5,5,10,8,5,9,6,14,12,7,6,5,12,9,8,15,6,9,9,6,14,7,17,8,11,7,12,14,10,10,16,11,20,8,6,16,13,7,22,3,16,6,8,6,16,6,8,11,13,14,3,12,16,20,9,15,11,26,27,16,23,12,21,24,10,14,1,12,1,14,11,17,2,20,10,4,25,2,13,11,12,11,8,2,30,2,22,18,26,4,15,4,11,1,6,16,2,32,1,1,1,1,1,1,6,5,1,6,10,1,16,17,11,18,15,17,17,1,22,16,13,3,2,6,3,11,1,1,1,13,9,21,2,1,1,1,15,12,1,1,20,15,16,2,13,14,18,14,16,2,2,1,1,2,1,2,2,2,13,3,2,3,2,3,1,4,3,3,1,1,2,6,5,1,1,1,4,2,1,1,1,2,1,3,1,8,3,2,1,1,1,2,1,1,2,1,1,1,2,2,1,2,1,1,1,1,3,1,1,3,1,3,3,4,2,13,1,2,1,1,1,1,2,1,1,1,1,1,3,2,7,1,1,1,1,10,1,1,1,1,1,2,2,1,2,1,1,1,3,2,1,1,1,1,13,1,3,1,1,2,6,2,17,1,1,2,1,1,3,1,1,1,1,3,1,31,1,1,1,1,4,2,1,1,1,1,1,1,1,3,2,2,2,1,16,6,1,2,2,1,3,4,3,1,1,8,2,1,1,3,1,1,1,3,1,1,2,1,1,2,1,1,1,1,1,1,1,3,1,2,2,1,1,2,2,1,2,1,1,2,1,2,2,2,4,1,1,1,3,1,1,1,1,1,3,1,1,1,1,1,1,2,2,1,1,4,1,1,1,4,2,1,1,1,1,2,1,1,3,1,1,2,2,1,4,1,2,2,2,1,1,2,2,1,1,1,3,1,2,1,1,1,1,1,1,1,1,3,2,1,1,1,1,1,2,1,1,6,1,2,1,1,1,1,2,2,1,2,1,2,2,2,1,2,2,1,1,1,2,1,1,3,1,3,4,1,2,2,1,1,2,1,1,2,2,5,1,1,3,2,2,4,1,4,1,1,1,2,2,2,1,1,5,1,1,2,1,2,1,1,1,4,1,1,1,1,3,1,1,1,3,2,1,2,1,1,2,1,1,1,1,2,3,2,1,1,1,3,2,2,1,1,13,4,3,2,1,1,1,1,1,3,2,1,1,1,1,1,5,1,1,2,1,1,1,7,2,2,3,2,1,1,4,2,2,1,1,1,1,1,2,1,1,2,1,1,1,5,1,1,1,1,2,2,1,4,1,6,2,2,3,2,1,1,2,2,1,1,1,2,1,1,20,4,4,1,5,2,1,2,1,1,2,1,1,2,1,2,1,3,2,1,1,2,2,1,1,2,1,4,2,1,1,1,2,1,1,1,1,1,1,2,3,1,1,3,5,3,3,4,2,1,3,2,2,3,1,2,2,2,2,1,2,2,1,1,1,1,1,2,1,2,5,1,2,2,1,3,2,1,3,1,1,1,1,2,1,2,3,1,1,1,1,1,1,4,3,1,1,2,2,1,1,1,1,1,1,1,1,1,1,1,1,1,2,3,2,1,2,1,1,3,2,2,1,5,1,1,2,1,1,2,3,4,1,1,1,21,1,1,1,3,1,1,1,2,1,2,3,1,1,3,1,2,1,2,3,2,1,2,3,1,3,3,1,1,1,1,1,1,1,1,1,2,2,2,8,1,1,3,1,1,1,2,1,1,1,1,5,1,1,2,1,1,3,1,2,1,1,1,2,1,2,1,1,2,2,2,3,4,1,2,1,2,1,1,2,1,1,1,1,1,3,1,1,1,2,1,2,1,1,1,1,1,3,1,2,2,1,2,3,1,1,1,6,1,1,1,1,2,3,2,1,1,1,1,2,2,1,1,1,1,1,1,1,1,1,2,1,1,3,1,2,1,1,1,1,2,5,1,1,1,3,1,1,2,1,1,2,2,1,1,1,2,2,1,1,2,1,3,1,2,3,3,1,1,1,2,2,2,2,1,2,1,1,3,1,2,1,1,2,2,1,1,3,1,1,1,1,1,1,2,1,1,1,1,2,1,1,1,1,1,2,1,1,1,4,1,2,1,2,1,1,1,1,1,1,1,1,1,2,2,1,1,1,1,1,2,2,1,2,1
1,2,1,3,2,2,3,1,1,3,2,2,5,5,2,2,2,6,3,4,5,2,3,4,4,4,2,7,8,5,4,10,5,3,4,6,3,6,8,7,5,5,6,13,10,6,4,4,13,4,12,12,12,6,12,11,4,12,10,10,9,5,8,7,1,7,6,12,5,6,5,13,5,5,9,7,6,10,12,6,6,23,8,6,15,19,18,13,10,10,11,18,8,23,12,17,12,16,10,15,1,8,8,19,12,10,1,15,5,10,16,29,2,1,24,11,3,1,9,5,1,4,12,15,12,12,13,23,11,1,2,10,1,19,6,11,12,7,4,1,2,1,3,1,2,8,1,1,1,10,9,10,1,3,1,13,22,10,20,34,4,2,17,16,15,8,2,2,14,3,12,13,14,1,10,1,5,9,18,14,6,13,14,15,14,13,13,4,17,3,5,3,14,2,3,2,1,2,3,3,2,2,2,1,2,8,1,17,2,1,12,1,2,10,14,13,1,11,1,1,1,1,2,1,15,18,18,17,15,10,10,9,23,3,1,4,21,3,27,2,5,1,1,1,1,1,3,2,1,3,1,2,3,3,1,2,1,1,1,1,1,1,2,2,1,2,1,2,1,2,1,4,3,2,1,6,1,1,8,1,2,2,1,1,1,2,17,2,2,2,2,1,2,2,1,1,2,3,1,1,1,1,3,3,1,1,1,2,1,1,4,1,15,2,1,1,1,1,2,3,3,4,2,1,1,2,1,2,2,2,2,3,2,1,1,1,1,1,19,29,3,2,1,2,1,1,1,2,1,1,1,2,1,1,1,1,1,2,2,2,3,1,2,1,2,1,1,1,1,1,4,1,2,1,1,2,1,1,1,1,1,1,1,1,1,1,4,1,1,1,3,2,1,1,1,4,1,2,2,1,1,2,1,2,1,1,2,1,2,5,1,3,1,1,1,1,3,1,1,1,2,1,2,1,1,1,3,1,2,2,3,3,2,5,1,1,1,1,1,2,3,1,2,1,1,1,1,2,1,2,1,3,1,2,1,1,1,2,1,2,2,4,1,3,1,1,2,1,2,1,1,1,2,1,1,2,1,2,2,1,1,2,1,1,1,1,2,2,1,1,2,3,1,1,1,1,1,1,1,2,2,1,1,1,1,3,1,1,1,4,1,1,2,3,1,1,3,1,1,2,1,1,3,2,1,2,1,2,3,5,1,1,2,1,1,1,1,2,1,1,2,4,3,1,2,2,1,2,1,1,1,1,1,3,1,1,1,1,1,1,1,1,2,1,2,1,1,3,1,4,1,5,1,3,1,3,2,1,1,1,1,1,4,1,2,1,2,2,2,1,2,2,2,1,1,2,1,1,1,1,2,1,1,3,1,1,1,1,3,1,1,1,1,1,1,1,1,3,1,1,3,1,3,1,1,2,2,1,4,1,1,1,2,1,3,1,2,1,3,1,1,1,1,2,3,2,2,1,1,1,1,1,1,2,1,1,1,1,1,3,1,2,1,3,4,1,2,1,1,1,1,1,1,1,3,1,1,3,1,2,1,1,1,1,1,1,2,1,1,1,2,1,2,1,2,1,3,3,1,3,1,2,2,1,2,2,1,1,1,4,1,1,2,1,2,1,2,1,1,1,2,7,1,1,1,2,4,1,1,3,1,1,1,1,1,1,1,1,1,1,1,1,1,1,3,1,1,1,1,1,3,1,2,1,2,3,1,1,1,1,1,3,2,1,3,4,2,1,2,1,2,3,1,1,19,1,1,1,5,1,5,1,1,1,1,3,1,2,2,1,2,1,1,2,2,1,1,1,7,1,1,1,5,2,5,5,3,2,1,1,2,1,1,1,1,2,1,1,1,1,1,1,4,2,1,1,1,1,1,1,1,1,1,3,1,1,2,1,1,3,3,1,2,1,1,1,2,3,1,2,1,2,2,3,1,1,1,1,1,4,4,1,1,1,1,1,1,1,1,1,1,1,4,3,2,2,4,2,1,3,1,2,2,2,1,1,4,2,1,4,1,1,1,1,1,1,1,1,1,3,1,1,1,3,1,2,3,2,5,1,1,2,2,2,2,1,2,1,1,1,1,1,1,2,1,1,1,1,1,1,1,3,1,2,2,1,1,1,2,1,1,3,2,1,16,2,2,2,1,1,1,1,3,3,1,1,1,2,1,1,1,2,16,2,5,1,1,1,1,1,1,1,28,1,1,3,2,1,2,1,1,2,4,3,1,1,2,2,2,3,3,3,1,3,5,2,1,1,2,3
1,3,1,1,2,3,1,2,2,2,3,2,4,2,2,3,5,2,2,4,2,3,6,3,9,6,4,6,4,15,3,5,9,5,3,5,4,4,9,5,4,4,5,9,4,7,12,5,5,3,6,5,7,10,4,8,5,5,7,9,10,5,12,5,6,5,7,11,9,8,11,11,15,6,10,12,6,8,20,8,14,9,8,16,8,10,8,15,20,20,17,9,12,2,14,15,14,12,10,17,8,7,10,9,19,9,9,10,23,10,6,12,17,16,2,11,13,7,17,4,1,11,3,17,14,21,20,10,14,5,5,2,3,2,12,16,15,14,21,45,17,12,31,2,14,1,3,4,1,1,2,5,1,4,1,1,2,13,13,1,11,3,4,6,1,2,9,3,1,2,2,19,1,6,1,2,14,21,3,2,3,1,4,12,6,3,25,15,1,1,11,1,1,1,2,1,1,11,3,2,1,1,1,1,2,2,3,1,1,32,1,1,1,1,1,1,1,1,4,1,1,1,3,1,1,1,1,3,1,2,5,2,14,12,2,16,4,17,5,1,1,1,1,1,1,3,2,2,1,1,6,1,2,1,1,2,1,2,2,1,1,1,2,1,1,3,1,2,3,1,6,1,2,1,2,1,1,1,2,1,1,1,1,1,2,1,1,1,1,1,1,1,2,1,1,1,1,2,3,2,1,2,2,1,1,2,1,2,2,2,1,1,1,2,4,1,2,2,2,2,1,2,1,1,2,2,2,1,1,1,1,1,2,2,2,40,3,1,1,1,2,1,7,1,23,4,1,2,1,1,4,5,1,4,1,5,1,1,2,2,2,2,1,1,1,1,3,21,1,2,1,1,2,1,1,1,2,2,25,1,1,15,1,1,19,3,2,1,1,3,1,1,18,2,1,2,2,1,1,1,2,14,1,3,1,5,21,22,2,9,1,5,4,2,2,3,1,3,2,1,3,2,1,1,1,2,1,2,1,1,1,1,3,2,1,1,2,1,1,1,1,2,2,1,1,3,2,1,1,1,2,3,1,2,2,1,3,2,1,1,1,1,2,1,1,1,1,2,3,3,1,1,1,1,1,1,1,1,1,1,1,1,1,1,2,1,3,1,1,1,1,1,1,2,18,3,1,2,1,5,12,2,24,1,2,1,16,14,1,1,2,1,2,1,1,1,1,2,1,2,1,1,1,1,3,1,1,1,2,1,1,1,1,1,2,1,25,3,1,1,1,4,1,1,1,1,1,2,2,1,2,2,2,1,1,1,1,2,2,2,2,1,2,3,1,1,2,1,1,3,1,1,2,1,3,1,1,3,1,4,1,1,2,1,1,2,3,1,3,2,2,1,2,2,1,1,2,2,5,1,2,3,1,1,1,1,1,2,1,1,1,3,2,2,2,1,1,1,3,2,1,1,2,2,3,1,3,2,3,4,1,2,2,3,2,1,1,2,1,1,1,1,5,3,5,1,1,1,1,1,1,1,1,1,1,2,1,1,2,2,2,1,1,2,1,1,1,1,1,1,2,1,3,4,1,1,1,4,1,1,4,2,1,1,2,7,1,1,3,1,1,1,2,1,1,1,2,3,1,2,1,3,1,1,1,2,2,1,3,3,1,4,1,2,2,1,1,1,1,1,1,1,2,1,4,1,5,1,1,1,2,1,2,1,3,1,3,3,2,1,3,1,1,1,1,3,31,1,1,3,1,1,2,5,1,2,1,1,1,2,2,1,1,1,3,1,2,3,3,1,1,2,15,1,2,15,2,1,1,1,1,1,3,4,2,1,2,1,1,2,1,2,1,3,2,19,4,3,3,1,1,1,4,1,1,1,3,1,2,1,2,2,1,2,1,1,4,1,1,1,1,1,1,1,1,2,2,4,1,1,1,3,3,5,1,1,1,1,6,1,1,2,2,1,1,5,2,1,1,2,4,1,3,3,1,1,2,1,1,1,3,1,2,1,1,2,2,1,3,1,1,1,1,1,1,1,2,1,1,1,1,1,3,4,2,1,2,1,1,1,2,2,2,4,1,1,1,1,2,1,1,1,1,1,2,1,1,3,1,2,1,1,1,8,2,2,1,1,1,1,1,1,2,1,1,1,1,1,1,1,1,1,3,1,1,2,1,3,2,1,1,3,1,1,1,2,2,1,1,1,1,2,2,2,2,1,1,3,2,1,4,1,1,1,1,1,1,1,1,2,1,3,2,1,1,1,1,2,1,1,2,1,1,1,3,2,2,2,2,2,4,1,2,1,1,1,3,1,1,1
2,2,1,1,3,1,6,2,1,2,2,1,2,2,2,2,3,4,2,3,4,4,2,4,2,5,3,3,8,3,4,16,3,3,3,6,5,6,3,6,8,4,5,5,8,8,8,12,9,4,5,7,14,8,5,11,8,6,5,12,7,6,8,8,6,10,6,24,6,7,5,9,9,9,6,13,8,14,9,6,13,7,8,11,18,7,13,20,12,28,6,8,14,12,13,19,15,17,12,18,15,7,11,10,14,3,19,34,6,1,3,4,1,2,2,2,1,2,1,2,1,1,1,1,11,1,2,4,2,2,2,1,2,3,19,10,1,1,9,20,16,1,12,13,6,28,24,11,15,12,11,11,19,26,15,5,2,3,17,23,1,1,1,1,1,1,1,3,1,2,2,1,2,2,1,1,1,6,2,1,1,1,19,1,2,2,1,1,1,8,1,1,1,3,13,1,1,8,12,1,10,3,10,6,21,10,11,3,5,4,1,2,1,1,2,14,1,1,1,11,2,2,1,3,3,1,3,1,1,2,1,1,3,1,5,3,2,2,4,2,1,1,1,1,1,1,9,1,1,3,1,1,5,1,1,1,1,5,1,1,8,32,2,2,4,1,5,1,2,6,1,1,3,1,1,1,7,1,3,1,1,1,1,1,1,1,3,1,4,1,2,1,5,2,3,1,1,1,1,1,3,4,1,3,1,2,1,3,2,2,3,3,2,3,2,1,1,1,4,4,1,1,2,1,2,1,1,2,1,1,1,1,1,1,2,1,1,1,2,1,1,4,1,1,3,1,1,1,1,2,2,1,1,1,1,1,2,2,1,2,1,1,1,1,2,4,1,1,2,2,2,2,4,1,1,2,2,1,1,1,3,1,1,2,1,2,2,1,3,3,11,1,3,1,2,1,3,1,1,1,2,2,1,1,1,2,4,2,1,5,2,3,2,1,1,1,1,1,1,1,3,2,4,1,1,1,1,1,1,1,3,1,2,1,1,1,1,1,1,2,1,1,2,1,2,1,2,2,1,2,1,1,1,2,1,1,1,1,1,1,1,1,1,1,1,2,1,1,3,1,1,3,1,1,1,1,2,1,2,1,1,2,1,1,1,5,2,1,1,1,2,1,3,1,1,1,3,5,3,1,1,1,1,1,1,4,1,2,1,4,12,1,2,1,3,1,2,1,2,1,1,1,1,2,1,2,4,1,2,3,1,3,2,1,1,1,1,5,3,3,1,1,2,1,1,2,3,1,1,1,9,2,1,2,1,3,13,1,1,1,1,1,3,2,1,1,1,1,1,1,1,2,1,5,1,1,1,4,23,8,2,2,3,1,1,2,1,1,8,1,1,1,2,1,2,2,1,3,1,2,1,2,1,1,4,1,1,1,1,1,1,18,1,3,1,3,2,2,1,1,2,2,2,1,2,1,1,1,4,1,1,2,3,4,2,2,2,2,1,2,1,2,4,3,1,1,2,2,2,3,1,1,1,1,2,1,1,3,1,1,1,1,2,1,2,3,1,4,1,1,1,2,2,1,3,1,1,3,2,1,2,1,2,1,2,1,2,1,1,1,1,1,2,1,1,1,1,1,1,1,1,1,1,1,1,1,1,3,1,12,1,13,13,1,2,25,4,31,2,16,4,1,1,3,17,1,1,1,4,14,15,25,2,1,2,1,4,1,1,1,2,1,1,3,18,1,1,2,1,13,3,1,1,1,3,1,33,1,5,2,3,3,2,1,2,3,1,1,1,1,2,2,1,1,1,4,1,1,3,1,1,1,1,1,2,2,2,1,1,2,2,1,1,1,3,3,1,1,1,2,1,1,1,3,1,1,1,2,1,1,1,2,1,1,1,2,2,1,1,1,1,2,1,5,2,2,1,1,2,21,1,1,1,1,1,3,1,4,3,1,1,1,1,1,1,1,2,2,2,4,1,1,1,2,1,1,3,1,1,2,1,2,1,1,2,1,1,1,2,1,1,2,2,2,1,2,6,1,1,3,1,2,1,1,1,1,1,3,1,2,1,1,2,1,1,3,2,2,1,1,1,1,2,1,4,3,2,1,2,4,4,1,1,2,1,3,2,3,1,1,3,2,3,2,1,1,2,1,1,2,1,2,1,1,1,3,2,1,1,2,1,1,1,3,4,1,2,1,2,2,1,2,1,1,1,3,2,1,1,1,1,2,3,1,3,2,1,1,2,4,1,1,2,1,1,1,2,1,1,2,1,4,2,2,2,1,1,2,1,1,1,2,2,5,1,3,2,4,1,3
1,2,2,2,1,1,1,2,1,4,4,2,2,2,5,2,3,2,3,4,4,2,2,3,3,4,13,5,4,9,4,3,3,5,3,3,7,5,4,4,3,4,9,4,18,7,6,4,4,4,18,6,12,6,6,10,8,10,8,9,5,12,5,5,16,15,7,5,8,6,8,9,9,1,12,13,11,21,6,14,9,16,13,21,7,20,14,13,13,21,15,10,17,13,9,10,8,6,9,10,9,11,11,13,14,11,12,1,10,17,12,1,16,5,16,11,8,17,16,13,36,2,3,2,24,2,13,12,18,19,22,14,1,28,7,17,18,17,20,9,15,13,12,11,18,1,14,1,19,21,1,24,18,1,16,3,1,4,7,3,4,1,17,20,4,2,3,4,2,16,23,14,18,17,7,12,9,5,6,9,5,1,1,2,3,8,3,5,4,3,3,1,1,1,7,2,1,2,1,4,2,1,1,2,3,1,2,1,1,2,1,2,1,1,1,3,2,1,1,2,1,2,1,1,2,2,5,2,1,3,1,6,3,1,1,1,1,1,2,1,1,12,1,2,1,1,1,14,25,1,1,1,2,2,14,2,2,15,3,3,3,1,3,25,2,1,1,1,1,1,1,1,3,9,3,2,1,4,2,2,1,3,3,1,3,1,1,2,1,6,1,3,2,1,2,3,3,1,1,2,2,2,1,3,1,1,1,1,1,1,1,1,1,1,1,2,2,4,2,1,2,2,2,1,1,1,4,1,2,2,2,2,1,5,4,1,4,1,3,6,3,1,1,3,1,3,1,1,2,1,2,1,1,1,1,3,3,3,2,2,1,1,3,1,1,6,1,1,1,2,1,1,2,1,1,1,2,2,2,2,1,1,3,1,1,1,3,1,2,2,1,1,1,2,1,2,3,2,2,1,3,1,2,3,3,1,1,1,1,2,1,1,1,1,2,1,2,1,2,2,1,1,1,1,1,4,4,2,2,2,1,1,2,4,2,1,4,1,2,1,1,1,1,1,1,1,1,1,2,1,1,3,3,4,2,2,19,1,3,1,5,1,1,1,1,1,1,1,2,1,1,1,1,1,4,2,2,1,1,1,1,2,2,1,2,1,1,3,2,2,2,1,5,1,1,2,1,5,1,2,2,1,1,3,1,1,3,1,2,1,1,2,2,1,3,1,1,1,1,1,1,1,1,1,1,1,1,2,2,1,2,1,1,1,1,2,1,2,3,3,2,2,1,1,1,1,2,1,1,2,2,2,1,1,1,3,1,1,1,1,1,1,1,1,1,1,1,1,1,3,2,1,2,1,1,2,3,1,1,4,1,1,1,1,3,1,2,2,1,1,2,1,1,1,1,1,1,2,1,1,2,2,1,2,1,1,2,1,4,1,4,2,3,1,1,3,2,1,1,1,2,1,3,4,3,4,2,1,1,3,1,1,1,1,1,3,1,2,2,1,1,1,1,1,1,1,1,2,3,1,1,2,1,1,1,2,4,1,3,1,2,2,2,1,3,3,1,1,3,1,1,1,1,1,1,2,1,2,1,2,1,1,1,1,1,3,1,2,3,1,1,1,1,3,2,2,1,1,1,1,7,2,1,1,1,1,1,1,1,1,1,1,13,1,2,1,4,3,1,1,2,1,17,1,1,2,2,1,1,1,25,1,3,1,1,12,1,1,1,1,1,2,1,1,1,4,3,1,4,1,1,4,3,2,21,22,14,22,24,27,3,3,5,1,1,1,1,1,3,3,5,1,2,1,1,1,3,1,3,3,1,2,1,1,3,1,2,2,1,1,1,1,1,4,1,1,2,2,1,1,2,4,2,1,1,2,3,3,3,1,1,2,1,1,1,1,1,2,1,1,1,1,1,1,4,1,2,2,1,1,2,2,2,1,1,1,1,2,1,3,2,2,1,1,1,1,2,3,5,1,1,1,1,2,1,2,1,1,1,1,1,1,1,2,1,2,2,2,1,1,1,1,1,1,1,3,1,25,1,1,2,3,1,2,1,2,1,3,1,1,1,1,2,1,3,2,2,2,1,1,2,5,1,1,1,2,4,1,1,1,1,1,3,1,1,2,1,10,4,1,1,3,1,4,17,1,1,1,1,1,1,5,1,1,1,2,2,1,1,15,1,2,5,1,1,2,1,1,9,1,1,15,1,2,1,1,1,4,1,1,1,3,1,1,1,1,1,1,3,2,1,2,1,1,1,3,2,3,1,1,1,4,2,1,2,1,1,4,1,1,1,2,1,1,1,3,2,3,1,2
2,1,1,2,1,4,2,2,3,1,1,2,4,2,2,8,2,2,3,2,2,3,2,5,11,5,2,2,8,9,7,4,3,4,6,4,3,4,6,8,10,6,5,12,12,6,4,21,6,6,6,9,10,4,1,4,9,9,8,8,5,8,8,10,8,6,11,7,4,10,1,5,10,10,6,7,9,11,23,7,11,20,11,13,17,10,11,10,11,11,8,9,14,11,2,2,7,2,19,19,16,11,20,13,18,8,8,9,14,5,18,14,16,16,1,17,5,14,25,13,25,18,18,10,4,7,1,17,21,15,10,9,19,4,6,17,9,15,19,8,2,4,1,15,1,13,2,1,5,3,1,2,1,1,1,1,23,3,1,1,15,3,8,3,5,2,3,1,3,11,9,1,2,17,15,36,20,3,3,3,4,14,19,8,1,31,2,18,23,10,1,5,2,1,2,2,2,2,2,7,1,3,1,1,1,3,3,1,1,4,1,1,2,1,1,2,1,2,2,1,1,1,1,1,1,3,1,1,1,1,1,1,2,1,5,1,2,2,1,2,1,1,1,1,3,2,2,3,1,1,1,3,2,1,2,1,2,1,2,1,3,1,2,2,1,1,2,1,2,2,1,4,1,1,2,1,1,2,5,1,2,2,2,1,2,1,1,3,1,1,1,3,1,1,1,1,3,1,3,1,1,1,5,1,1,1,1,1,12,1,2,2,1,1,1,1,1,1,1,2,2,5,1,1,1,1,3,1,1,2,1,2,1,1,3,1,1,1,1,1,1,3,1,2,1,1,3,3,1,1,18,1,3,3,1,1,2,1,4,2,5,23,1,1,1,1,1,1,1,1,1,1,1,1,12,1,1,2,11,1,1,1,1,17,2,1,4,1,2,13,1,1,1,1,1,1,16,1,1,1,14,13,1,15,1,3,15,2,1,3,1,3,1,1,1,1,1,14,2,21,24,4,1,2,1,1,1,2,5,1,1,2,1,29,1,3,1,19,1,5,3,2,1,1,3,1,3,2,2,2,2,1,1,2,1,1,1,1,1,2,3,1,1,1,1,2,1,4,1,2,3,1,1,1,1,1,1,1,2,2,1,2,1,2,3,1,1,2,1,1,1,1,2,1,1,2,1,1,3,1,4,4,1,1,2,1,1,2,1,1,1,1,1,1,4,2,1,4,2,1,5,2,1,2,1,2,1,1,2,1,1,2,1,1,2,2,4,1,3,1,1,1,1,2,2,3,1,1,1,1,2,1,1,4,5,10,2,3,1,1,1,2,1,2,2,4,1,1,2,1,1,2,1,2,3,1,3,1,3,1,2,1,2,1,2,1,2,1,2,1,1,2,1,1,2,1,1,2,1,2,4,1,2,1,1,21,1,1,1,1,3,1,2,1,1,2,3,3,6,1,1,1,2,17,23,3,2,4,2,1,2,1,1,3,2,1,2,2,1,2,1,2,1,1,1,1,1,2,1,1,1,1,2,1,1,1,1,3,1,4,2,2,1,1,1,1,1,2,2,2,1,1,1,1,17,1,1,1,2,1,1,1,3,1,3,2,1,2,1,2,1,1,2,2,1,2,1,6,1,2,2,1,2,2,33,1,1,1,2,1,2,1,2,1,14,1,6,2,4,1,1,1,2,1,2,1,1,2,1,3,1,1,3,1,2,1,1,1,1,1,1,1,2,2,1,3,2,1,2,2,1,8,1,1,2,1,1,1,1,6,1,11,2,2,7,9,1,1,1,1,2,1,2,2,2,1,1,3,1,4,1,1,1,1,1,3,1,2,5,2,1,1,1,4,1,2,2,2,1,1,1,1,2,1,1,3,2,2,2,1,1,1,3,4,1,2,3,1,3,4,1,1,2,1,2,2,2,1,1,1,1,1,1,2,2,1,3,1,1,3,1,2,1,1,1,3,1,1,1,2,2,1,1,1,1,2,1,1,1,5,1,1,1,1,1,1,2,1,2,1,2,1,1,1,1,1,2,2,2,1,1,1,2,1,2,1,1,1,1,1,1,1,3,1,1,2,1,2,1,3,3,1,1,3,2,2,1,1,2,2,1,1,1,1,1,1,2,1,1,4,1,2,1,2,2,1,1,1,1,1,1,2,1,1,2,3,2,1,1,1,1,2,1,2,1,5,2,2,1,2,3,3,2,1,1,2,1,2,1,1,1,1,1,2,1,2,1,2,1,1,1,2,4,1,1,1,1,1,5,2,1,1,2,2,1,1,1,2,1,5,1,1,1,1,1,1,1,1,1,1
1,1,4,1,1,2,1,2,2,2,2,4,2,5,3,2,2,3,3,5,3,3,7,4,4,3,4,3,7,5,3,3,7,5,3,3,5,5,14,5,5,8,6,5,3,8,5,8,16,6,9,6,9,13,9,6,7,9,7,11,15,5,6,11,14,13,7,11,10,9,6,10,9,6,7,13,9,9,8,11,6,8,15,7,8,8,8,17,9,17,13,10,8,11,20,17,11,2,7,18,23,14,7,1,16,21,7,7,8,12,12,22,10,13,10,10,14,11,10,17,12,8,13,12,14,15,2,1,15,23,4,18,16,15,3,6,1,21,10,28,1,1,12,1,1,1,1,1,4,10,10,15,14,13,2,1,2,17,15,4,1,7,17,4,19,1,2,21,2,15,15,39,17,19,13,5,2,1,1,1,6,3,6,1,1,1,1,1,2,2,1,1,1,1,1,1,1,1,2,2,1,4,4,3,1,1,3,1,1,1,1,1,17,1,1,1,1,13,1,1,2,1,1,2,2,1,1,1,1,3,2,1,15,16,1,2,12,1,1,28,2,3,3,1,2,1,1,1,2,28,2,16,2,1,4,11,2,14,30,2,14,17,2,5,17,2,1,1,1,1,1,1,2,1,2,1,1,13,2,1,2,2,1,1,1,4,1,1,1,1,1,2,4,2,4,1,1,1,2,5,1,2,2,1,2,1,1,1,4,1,2,2,1,1,2,1,1,1,13,12,1,2,4,1,2,1,1,2,1,2,1,1,1,3,1,1,3,2,1,1,1,1,2,5,1,1,1,4,1,1,1,1,24,1,2,1,3,2,1,1,1,5,1,1,2,1,1,1,1,2,1,19,3,6,2,3,2,3,1,1,2,2,1,13,3,2,2,3,1,3,2,3,5,1,1,1,1,4,3,2,1,1,1,2,1,1,1,1,1,1,2,1,1,1,3,1,1,1,2,1,1,1,2,2,4,2,4,1,1,2,2,3,2,1,1,3,2,2,3,1,1,1,2,1,2,1,2,4,1,1,1,3,6,2,1,2,4,1,1,1,1,1,1,1,1,1,1,1,6,1,2,1,2,3,2,1,1,4,2,1,3,3,1,1,4,1,1,1,1,2,1,1,1,1,1,2,1,1,1,2,1,2,3,1,3,3,4,3,1,1,2,2,1,3,1,1,1,10,1,1,1,1,2,3,1,2,1,1,1,6,2,1,1,6,1,3,2,2,1,2,1,3,1,1,1,1,1,1,2,1,1,2,1,2,1,1,1,2,1,1,5,1,1,4,1,1,1,2,4,1,1,1,1,1,1,1,2,1,1,1,1,1,2,1,1,1,1,1,1,1,2,4,1,3,1,1,1,1,2,1,1,1,3,2,3,1,2,2,1,2,1,1,1,1,1,1,1,2,1,1,2,1,1,4,1,1,1,2,1,1,2,1,1,1,1,1,3,4,2,1,3,1,2,1,1,1,1,2,3,2,2,1,1,4,1,1,1,2,2,1,1,1,1,2,4,1,5,3,15,1,2,3,1,1,1,1,2,2,1,1,1,1,1,1,1,1,2,3,3,1,2,1,3,1,3,1,2,3,2,2,1,2,1,1,2,1,1,1,1,3,2,2,1,1,1,1,1,2,1,1,5,2,1,1,1,2,2,1,1,2,3,4,2,1,1,2,1,1,1,1,1,1,3,1,2,3,1,1,2,1,1,1,1,2,1,2,1,1,1,1,1,1,1,1,1,3,1,6,1,1,1,1,1,1,1,1,1,2,1,4,1,2,1,4,3,1,1,1,1,1,1,1,2,1,1,1,1,1,1,2,1,1,4,3,1,1,2,3,1,2,1,1,2,1,1,1,1,3,2,2,2,1,2,3,1,1,3,1,3,1,2,1,1,1,2,2,1,4,1,1,1,1,3,2,1,1,1,1,1,1,1,1,3,2,1,2,2,1,2,1,2,2,1,3,2,1,1,1,1,1,3,1,1,1,1,2,3,1,1,1,5,1,1,1,2,2,1,4,1,1,1,3,1,1,2,1,1,1,1,6,3,1,1,5,1,3,1,2,2,3,4,2,1,1,1,2,1,1,1,2,1,4,1,1,6,3,1,3,1,2,1,1,2,1,2,4,2,1,1,1,1,1,1,2,5,1,2,1,1,2,10,2,2,1,1,2,2,1,2,1,3,1,2,1,7,3,2,3,1,2,1,2,1,1,1,1,3,1,1,1,1,1,1,2,1,1,2,2,1,1,1,3,1,3,1,1,1,3,1,2
3,1,1,2,2,1,1,5,2,1,2,2,2,2,2,2,5,2,5,7,2,3,2,6,3,2,5,3,5,11,3,10,4,3,4,8,3,4,9,5,7,7,3,6,3,3,6,4,8,3,9,8,6,6,7,12,8,11,7,10,15,6,6,6,5,10,7,10,5,13,5,5,18,8,9,12,8,10,13,8,13,6,5,7,7,19,6,11,24,9,15,21,14,11,16,24,11,6,28,17,39,19,14,9,20,12,9,8,1,1,4,1,8,1,3,22,13,15,25,13,5,4,16,21,8,3,11,12,9,21,13,12,13,4,19,15,13,33,2,1,25,1,6,10,6,10,20,12,3,1,2,1,2,3,1,1,1,2,1,3,4,1,1,1,1,1,1,2,19,1,1,1,12,15,15,1,12,1,1,1,2,3,1,14,17,17,13,20,3,11,1,18,3,30,8,1,9,12,12,14,6,1,4,16,16,2,3,22,3,11,1,1,1,1,1,5,9,1,25,15,6,14,15,7,2,11,16,17,16,24,3,20,10,2,18,21,2,11,16,3,2,2,1,1,1,3,1,2,21,1,26,1,1,1,1,2,1,1,2,18,1,6,1,4,3,1,1,1,2,1,1,6,1,1,6,2,2,2,1,3,5,1,3,2,1,1,2,1,2,1,3,1,1,4,1,2,3,1,3,3,1,1,5,1,1,1,2,3,2,3,2,1,1,1,3,3,1,4,2,1,1,1,1,2,1,1,1,1,2,2,3,2,2,2,34,1,1,2,2,2,1,3,1,3,1,2,1,1,3,3,1,1,4,1,4,2,1,2,1,2,2,7,3,2,1,1,3,1,1,1,1,2,1,2,1,1,2,4,1,1,1,1,2,1,2,1,2,1,3,1,1,2,1,1,2,1,2,2,1,2,2,1,2,1,2,2,1,1,4,4,1,1,1,1,1,1,2,1,1,2,4,1,1,2,1,1,1,1,2,1,1,1,3,1,2,1,3,2,1,1,1,1,1,1,1,1,1,1,1,1,2,2,1,1,1,1,2,2,1,1,3,2,1,3,1,1,2,2,1,1,1,2,2,2,3,1,2,1,1,1,3,3,1,2,1,1,1,1,2,1,1,2,1,2,2,1,1,3,5,2,2,1,1,1,1,1,1,1,1,2,1,2,1,2,3,2,2,4,1,1,1,4,1,1,1,2,2,2,2,1,1,1,2,3,1,2,1,2,1,1,1,1,3,1,1,1,2,1,1,1,1,2,1,3,1,1,1,1,1,1,1,1,1,1,1,1,2,4,1,1,1,1,1,1,1,2,2,2,2,1,3,1,1,2,1,1,1,1,1,2,1,1,1,1,2,1,1,1,2,1,1,1,2,2,1,2,2,1,1,1,2,1,1,3,4,2,2,2,1,3,2,1,1,1,2,2,1,1,1,1,1,3,1,2,1,1,2,1,6,1,1,2,1,1,1,1,1,1,1,1,3,1,1,2,2,1,1,3,1,2,3,1,3,2,1,1,2,1,1,15,3,1,2,1,2,1,1,1,1,1,1,1,4,2,2,1,1,1,1,1,3,1,2,1,1,2,4,2,1,2,2,2,1,2,2,1,1,2,1,1,1,2,2,1,4,2,1,1,2,1,1,1,3,2,1,1,1,1,2,1,1,4,1,1,22,1,1,1,1,1,1,3,1,2,1,1,1,1,1,1,1,1,1,1,2,1,1,1,1,1,3,3,1,1,1,3,1,2,1,1,3,1,1,4,1,1,2,1,2,1,1,1,1,2,1,1,1,1,1,1,1,1,3,1,1,1,2,2,1,1,2,1,1,1,2,1,5,14,1,3,3,1,2,1,1,3,1,2,3,1,1,2,1,1,1,1,1,1,1,1,1,4,2,1,5,1,2,2,1,2,3,1,2,1,1,1,1,1,1,1,2,3,1,1,1,1,1,1,2,2,1,1,3,1,2,1,5,1,3,2,1,1,5,10,1,1,1,1,3,1,2,1,3,2,2,1,5,1,1,2,1,1,1,1,1,1,1,1,1,1,1,2,3,1,1,1,13,1,1,1,1,2,1,1,1,1,1,5,1,1,1,2,5,1,2,2,1,6,2,1,2,2,1,2,1,1,1,2,1,3,1,1,1,1,1,2,2,1,1,1,1,2,2,1,1,1,1,2,1,1,1,2,1,1,1,2,1,2,1,5,1,1,1,1,3,2,1,1,1,2,1,1,1,2,1,1,2,3,1,2,2,1,2,14,3,1,1,2,2,2
2,1,2,1,1,2,2,2,1,1,2,2,3,2,3,4,3,4,3,4,2,3,2,6,2,2,5,7,4,7,5,3,3,8,3,4,4,3,12,3,3,4,10,12,5,4,11,6,10,11,7,5,16,8,7,5,7,10,11,9,6,9,7,5,9,10,10,13,25,6,6,5,6,6,6,6,8,9,1,13,11,5,12,7,8,24,11,16,10,18,9,1,8,7,12,12,1,12,13,18,26,12,17,10,11,18,1,10,13,8,14,20,20,8,18,23,8,11,10,18,8,14,14,14,12,16,25,14,1,15,14,6,28,24,1,22,13,1,24,18,7,1,3,1,1,1,1,5,4,1,20,2,1,14,4,11,2,2,1,3,2,11,1,1,1,7,4,26,1,1,1,16,1,2,1,1,1,1,11,3,1,2,13,1,15,4,1,16,1,6,7,16,2,2,2,2,3,1,1,2,4,2,1,1,1,1,1,3,1,3,2,2,1,1,1,2,4,1,3,3,3,2,3,2,2,1,1,1,1,1,2,1,3,2,2,3,4,8,1,4,4,1,2,1,2,1,1,1,2,1,2,1,3,2,1,1,1,1,2,1,3,4,1,1,1,1,1,1,3,1,3,1,1,4,3,2,2,3,1,5,1,1,1,2,2,1,2,1,1,1,2,1,1,2,1,1,1,5,5,2,1,4,1,1,1,6,1,14,1,2,1,1,2,1,1,2,1,1,1,2,1,1,1,2,3,2,1,1,1,1,1,1,1,1,1,3,1,6,2,1,1,1,1,3,1,2,1,1,1,2,1,1,1,3,3,3,2,1,2,3,1,3,2,3,1,1,1,1,1,1,3,1,2,1,4,1,1,1,2,1,5,2,1,1,1,2,1,1,2,2,1,2,3,1,1,1,2,2,1,1,1,2,1,1,2,1,1,1,2,1,2,1,1,2,1,1,1,3,1,2,3,1,1,1,2,1,1,1,1,3,1,3,1,1,1,1,2,1,1,1,2,2,2,1,2,3,3,2,3,4,2,2,1,1,3,3,3,1,2,1,1,1,1,1,1,1,1,2,1,2,1,1,1,1,1,1,1,1,1,1,2,2,1,1,1,2,1,2,1,2,1,1,1,1,2,1,1,2,1,2,1,1,1,1,3,1,1,1,2,2,3,1,2,1,1,2,1,2,3,1,2,1,1,2,1,1,1,1,1,1,3,1,2,1,2,1,1,1,1,1,2,2,1,1,2,2,3,3,2,1,3,3,1,2,3,3,4,1,1,2,1,3,4,1,2,2,1,1,1,1,2,2,1,2,2,1,3,2,4,1,3,1,3,2,1,1,1,1,2,1,2,1,1,2,1,1,3,1,1,1,1,2,1,1,1,1,1,2,4,2,1,1,1,1,1,1,2,1,1,1,2,5,2,1,1,2,1,2,1,1,1,4,4,4,2,1,2,2,3,2,1,5,1,1,1,1,2,1,1,1,2,3,1,3,1,1,1,1,2,2,2,2,1,1,2,1,1,1,2,1,1,1,1,3,1,2,1,3,1,4,1,2,1,1,1,1,1,3,2,2,3,1,1,2,1,1,2,1,1,1,1,1,1,1,1,1,3,1,2,1,1,4,4,1,1,2,1,1,1,1,2,1,1,1,2,1,1,3,1,2,1,1,1,8,1,1,1,1,1,5,1,2,2,5,1,1,1,1,20,1,2,1,1,2,2,1,1,3,1,1,1,1,1,1,2,1,1,3,2,1,1,1,2,9,1,2,3,2,2,1,1,1,1,1,2,1,2,1,2,1,2,1,1,1,1,2,1,1,1,1,1,1,1,1,2,1,2,1,1,1,5,1,1,3,2,1,1,1,3,1,1,2,1,2,1,1,1,3,1,1,1,2,1,1,1,3,2,2,1,2,1,1,1,1,1,1,1,1,2,1,5,1,1,2,1,2,1,1,3,1,2,1,2,2,5,1,1,4,2,2,1,1,1,1,1,1,1,2,2,1,1,1,1,1,1,1,1,1,1,1,2,1,1,1,3,2,1,1,1,1,1,2,1,3,1,1,4,2,1,1,3,1,2,12,24,3,1,1,24,12,15,1,18,20,14,4,2,1,2,2,1,1,2,1,2,2,1,2,1,2,1,1,2,1,1,1,1,1,3,2,1,1,1,1,3,1,1,1,1,1,1,1,1,1,1,1,19,1,1,3,1,2,4,1,1,2,1,1,1,1,1,1,2,1,2,1,2,18,3,3,2,1,2,2,2,1,1,1,2,1
1,2,1,1,3,1,1,2,3,4,3,3,6,2,2,2,3,2,2,2,2,5,2,4,4,7,3,6,3,3,6,2,12,5,5,4,3,10,6,3,3,9,5,3,6,4,5,10,6,7,8,7,11,12,15,7,10,7,7,8,5,8,20,9,12,9,7,10,7,7,9,19,19,10,11,7,5,8,17,7,8,16,14,7,12,15,19,9,6,14,19,13,10,4,22,8,20,7,8,7,11,12,13,10,17,8,24,24,3,31,15,28,14,4,21,10,14,14,9,20,18,4,19,17,24,2,10,1,1,10,1,12,4,16,1,1,1,1,1,5,2,5,2,2,2,1,1,3,1,2,1,12,1,1,3,1,4,1,1,2,3,2,1,1,2,1,1,1,1,4,2,1,3,1,1,1,3,1,2,1,1,3,2,1,6,3,2,1,1,1,1,1,2,1,2,2,2,1,1,1,2,1,1,2,3,2,1,1,3,1,1,1,1,5,4,1,1,2,4,2,1,1,1,12,2,5,2,1,1,1,1,4,2,1,1,1,1,1,2,1,2,1,1,1,1,5,1,3,1,2,1,2,2,1,1,1,1,2,3,2,3,1,2,1,1,1,10,1,1,1,1,1,1,2,8,1,2,2,1,1,1,1,1,1,1,1,1,1,14,10,8,12,8,21,27,11,1,1,2,1,14,2,1,1,1,1,1,1,2,1,1,1,1,1,20,19,16,12,19,3,12,1,10,7,1,46,1,3,1,1,3,2,1,2,4,2,14,12,3,12,2,12,26,2,4,20,2,1,1,1,30,1,1,1,1,5,1,1,2,1,3,4,1,3,3,1,1,1,1,1,1,1,1,1,3,4,1,1,2,2,1,1,1,1,1,1,1,1,4,1,1,1,1,1,3,1,2,2,1,1,1,1,2,1,1,2,1,3,2,1,2,1,1,1,1,2,4,2,1,1,1,1,1,1,1,1,1,3,1,1,1,1,1,1,1,1,3,3,1,1,1,4,1,2,1,1,1,1,1,3,4,1,1,2,1,4,1,1,1,1,1,1,3,3,1,2,1,2,1,2,1,2,1,2,1,3,1,1,2,1,1,1,2,1,2,1,1,5,2,1,1,1,2,1,2,1,1,2,1,1,1,3,4,1,1,1,1,1,1,1,1,1,1,1,1,2,1,1,1,3,2,2,3,1,1,1,1,2,2,2,1,1,1,1,1,2,2,1,2,2,3,3,5,1,2,1,2,3,8,1,1,1,1,1,1,2,1,1,1,3,1,1,2,3,1,2,1,1,1,1,2,1,1,2,1,1,2,1,2,1,3,1,2,1,2,1,2,3,1,1,1,2,2,1,2,1,1,2,2,1,1,2,1,2,2,2,1,2,2,1,1,1,1,1,2,1,1,1,3,3,1,1,1,1,1,1,1,1,1,1,1,2,1,2,1,1,3,2,1,2,1,1,3,5,1,1,1,1,1,1,2,1,1,1,2,3,1,1,1,1,1,2,1,2,2,1,1,2,1,1,1,5,1,4,1,1,1,2,1,1,1,2,1,2,1,1,1,2,1,1,1,1,1,5,1,2,1,2,1,1,1,2,1,3,1,1,2,2,2,2,1,2,1,1,2,3,1,1,1,1,1,1,2,1,1,1,1,1,1,1,1,1,1,1,1,1,1,4,1,3,1,1,1,1,1,1,2,1,1,3,2,3,1,1,3,4,1,1,1,1,3,1,1,2,4,1,1,16,1,1,5,1,1,1,1,1,2,31,2,1,2,3,2,1,3,1,1,20,1,1,1,1,2,1,1,3,2,3,13,4,15,3,2,2,4,1,1,19,2,1,4,3,1,1,1,1,1,1,1,1,2,1,1,4,1,2,1,2,2,1,1,2,2,6,3,2,1,1,3,1,1,1,2,1,5,1,1,1,2,2,1,2,2,1,2,1,1,3,3,2,1,3,2,1,2,1,1,1,1,1,1,1,1,2,1,1,1,1,1,1,2,1,3,3,1,1,2,1,2,2,1,1,3,2,1,2,1,1,3,1,2,1,1,2,1,2,1,1,1,3,1,1,2,2,2,1,2,1,2,1,2,1,1,2,1,2,1,2,1,3,1,4,3,2,2,1,1,1,1,2,3,1,4,1,3,3,2,1,2,1,1,4,1,2,2,1,2,1,5,1,1,1,1,3,2,1,1,1,5,1,2,2,2,1,1,4,1,1,1,1,1,1,1,1,3,3,2,1,1,1,1,1,1,3,1,1,2,1,1,1
2,3,3,3,2,1,1,2,2,2,1,2,1,4,2,2,3,2,2,4,6,4,7,5,5,3,7,7,3,3,7,3,7,6,14,7,7,5,8,14,19,6,4,4,7,3,4,8,4,13,5,5,7,15,7,4,9,16,9,7,13,21,7,5,9,8,10,25,19,11,14,12,7,11,9,11,10,8,13,15,7,10,19,15,14,8,10,19,14,7,17,15,26,17,7,15,15,30,33,2,6,1,3,1,5,9,6,8,6,7,15,1,10,7,15,14,5,2,10,7,13,3,4,21,16,25,7,6,7,1,8,23,8,10,9,14,10,15,1,19,10,11,15,16,10,19,11,21,16,15,16,22,16,7,4,13,10,10,8,22,18,12,4,12,5,18,25,18,13,2,12,1,15,6,4,1,1,20,1,3,1,26,1,7,34,19,19,2,18,1,1,1,2,1,1,5,2,4,15,4,20,2,1,20,2,1,1,1,1,1,7,20,22,1,1,8,1,23,2,2,2,1,1,1,1,1,1,1,1,1,1,21,2,1,4,1,2,3,2,1,1,1,1,1,1,1,1,1,2,1,3,1,1,1,1,17,1,13,1,1,1,5,15,17,28,1,3,1,1,2,4,2,2,6,1,2,4,3,1,1,1,2,2,2,1,1,2,2,2,1,1,16,27,3,1,2,1,3,1,1,2,5,1,11,4,3,8,16,2,16,1,2,1,3,10,1,1,2,1,1,1,18,2,1,20,4,1,2,25,2,1,1,2,1,2,1,1,2,1,1,1,2,1,33,2,2,1,1,2,4,1,1,1,1,1,20,1,1,1,14,6,18,2,1,2,20,3,2,1,3,1,2,1,1,1,1,1,1,3,1,1,1,2,1,3,2,2,3,1,1,2,17,1,4,6,4,1,23,1,1,3,1,1,2,1,2,1,1,1,1,1,1,3,1,2,2,14,2,20,2,5,4,2,4,1,1,1,1,1,1,1,1,4,1,1,3,1,1,2,1,1,1,1,4,2,1,1,2,1,3,2,2,1,3,1,4,1,1,1,1,1,1,1,1,1,1,2,15,1,4,1,1,2,2,2,2,3,3,1,1,1,1,3,1,1,4,2,1,1,1,2,2,3,3,1,1,4,1,1,1,2,1,1,2,3,1,2,2,3,1,2,1,1,1,1,2,1,1,2,1,1,1,1,1,2,1,1,17,2,2,1,1,2,3,5,3,3,1,4,2,1,1,2,1,3,2,2,2,2,2,2,2,2,1,1,2,1,2,1,2,2,2,1,1,1,1,1,2,1,1,1,1,2,1,1,2,2,1,1,1,1,2,1,2,1,3,2,1,1,1,2,1,1,2,15,2,2,2,1,1,1,2,2,3,2,2,1,3,2,1,2,3,2,1,3,1,1,3,1,1,1,4,1,2,1,1,1,3,2,1,1,2,2,2,3,1,1,2,1,1,1,4,3,2,1,1,1,1,3,1,1,1,3,2,1,1,1,2,1,1,2,2,1,3,1,1,1,1,1,1,1,3,1,1,2,3,1,2,1,1,1,2,1,1,2,1,1,2,1,3,1,2,2,1,2,1,1,2,2,1,1,2,1,1,1,1,3,1,1,1,1,1,1,1,2,1,1,2,1,1,1,2,1,2,1,1,1,2,2,1,1,1,2,1,1,1,1,4,1,1,1,1,2,1,1,1,1,2,1,1,1,1,1,2,2,2,1,2,2,1,1,3,1,1,1,1,1,1,1,2,2,1,1,1,2,5,3,1,1,1,1,1,2,2,2,1,1,1,1,1,2,2,2,3,1,4,1,1,1,3,1,1,1,1,1,2,1,1,1,3,1,1,3,1,2,2,2,1,2,2,1,2,1,1,1,1,1,1,1,1,1,1,4,1,1,1,4,1,2,1,1,1,2,1,3,1,1,4,3,3,1,1,2,1,1,2,2,1,1,1,1,3,2,2,3,1,1,1,1,1,1,1,3,1,2,1,1,1,1,1,1,1,2,1,1,1,1,1,1,2,1,4,4,3,1,2,4,1,3,1,1,1,1,1,2,2,1,2,1,1,1,4,1,1,1,1,1,1,2,1,1,3,2,2,2,1,2,2,1,2,1,3,1,1,1,3,1,1,2,1,1,1,1,2,3,1,1,1,1,1,1,2,1,1,1,3,2,1,1,3,1,1,1,2,3,2,1,2,1,2,1,1,1,1,2,1,1,1,2,1,1,1,1,2,2,1,2,1,5,1,1,3,1,2,2,1,1,1,1,1
2,1,1,2,2,1,1,4,3,5,2,2,2,6,4,2,2,4,4,2,2,3,2,5,2,11,3,3,3,6,5,16,4,12,6,4,4,3,3,5,9,5,6,7,5,5,7,20,6,6,11,8,5,9,5,8,7,5,13,9,15,14,8,6,12,6,18,8,9,9,5,10,6,15,2,12,21,8,8,11,9,10,14,7,11,21,8,17,7,8,7,15,7,13,7,21,14,10,9,13,14,11,19,10,14,8,2,11,24,13,11,18,18,15,12,17,9,21,12,12,17,20,1,15,9,31,16,32,4,13,2,12,20,12,15,13,21,10,1,33,2,23,24,2,24,10,12,7,26,1,26,13,4,3,17,1,1,17,30,12,18,14,19,2,29,13,14,18,15,1,1,2,2,1,2,1,1,1,2,1,1,2,1,6,1,2,1,1,12,3,1,1,1,2,1,3,1,1,1,1,2,4,1,1,2,10,5,3,2,3,2,1,2,5,1,1,1,1,1,1,1,2,1,1,1,2,2,1,1,5,1,1,20,1,2,1,19,1,1,11,20,1,1,2,1,1,1,1,1,14,1,1,1,1,1,1,1,1,1,1,24,9,4,14,3,7,3,1,1,2,7,1,3,9,4,1,2,3,2,2,1,1,1,3,2,2,1,3,2,1,3,1,4,2,1,6,3,1,1,1,1,1,3,1,1,1,2,2,1,2,2,1,1,3,1,4,1,3,2,1,1,2,2,1,2,1,2,1,1,1,1,2,1,1,3,1,1,1,4,4,1,2,1,2,1,1,3,1,2,2,1,1,3,3,1,6,1,1,1,2,2,1,2,1,4,1,2,1,3,1,1,1,1,1,2,9,2,1,1,2,3,2,1,2,1,1,1,1,4,1,1,1,3,1,2,1,2,1,2,2,1,2,1,2,1,1,4,4,2,5,1,1,1,2,1,1,1,1,1,1,2,1,2,1,2,3,2,1,2,1,2,1,4,3,2,1,1,1,1,1,1,2,1,1,1,1,2,2,1,1,2,3,1,1,1,1,1,3,1,3,1,1,1,1,2,3,3,1,1,1,2,3,1,1,1,1,1,2,1,2,2,1,1,2,1,3,1,6,5,2,1,1,1,2,1,1,1,1,1,1,3,1,1,1,1,2,1,1,1,2,1,2,1,1,3,2,1,1,1,2,1,1,3,4,2,2,1,1,1,1,1,1,1,1,2,1,1,1,1,3,1,1,2,1,1,1,1,1,1,4,1,1,1,1,1,2,1,1,1,1,2,1,3,1,2,2,2,1,1,1,2,1,2,1,1,1,1,1,1,2,2,3,2,1,1,1,2,1,1,1,1,1,2,2,1,2,3,1,1,1,1,1,4,1,1,1,1,2,1,1,2,1,4,1,1,1,1,2,2,1,2,1,2,1,3,2,2,1,2,3,3,1,1,1,1,2,2,3,2,2,1,1,1,1,1,2,1,5,1,2,1,1,1,1,2,2,1,1,1,1,1,1,1,2,3,1,1,1,1,1,1,1,1,4,2,1,1,2,3,2,1,1,3,2,2,1,2,1,1,2,1,1,2,2,1,1,3,3,1,4,1,3,1,1,1,1,3,1,1,2,1,4,1,2,1,2,3,1,2,1,3,2,1,2,1,1,1,2,1,1,1,1,1,2,2,1,1,1,1,1,1,1,3,1,1,2,1,1,1,1,3,1,1,1,1,1,1,3,2,3,1,1,1,5,4,2,1,1,2,2,1,5,1,1,1,3,1,1,5,1,1,2,1,1,4,2,2,2,1,1,1,3,3,1,1,1,1,2,3,3,1,4,1,2,1,4,1,2,1,2,3,2,1,1,3,1,2,1,1,4,1,2,2,2,1,1,1,2,1,1,1,2,2,1,1,1,2,1,1,1,1,2,1,1,1,1,1,1,1,1,1,1,1,2,2,3,1,1,4,2,1,1,2,2,1,1,2,1,1,2,2,2,1,1,1,3,1,1,1,2,1,2,1,1,1,1,1,1,2,1,2,1,1,3,1,1,1,5,2,1,1,2,2,1,2,1,1,1,4,2,1,1,1,1,1,1,1,2,2,1,1,2,1,3,1,1,4,1,1,1,1,1,3,3,1,1,1,1,2,1,2,1,1,1,1,2,2,1,1,2,1,1,1,1,2,1,1,2,2,1,2,1,5,1,3,1,1,1,2,3,1,1,1,1,2,1,3,2,1,1,2,3,1,2,1,1,1,1,1,1,2,1,1,1,2,1,1,2,2,1
1,1,3,1,1,1,2,2,2,2,2,2,2,4,4,2,4,5,5,3,2,2,3,7,2,8,3,2,5,3,7,2,9,3,3,8,3,5,6,8,11,4,7,7,3,5,7,8,5,7,4,13,6,10,7,11,6,11,9,7,10,12,9,7,8,7,7,6,15,7,8,8,18,9,17,12,12,10,19,7,11,14,8,7,15,4,6,9,13,12,12,16,20,11,7,9,11,13,4,15,2,9,14,14,20,26,2,12,20,3,16,12,13,12,12,11,36,13,17,20,20,10,12,6,18,20,12,23,16,23,12,23,14,11,1,29,12,29,13,11,14,36,19,11,4,17,1,1,15,8,29,17,20,3,1,2,17,12,7,1,24,2,15,1,13,4,14,18,8,1,2,6,8,24,4,2,5,4,2,2,1,2,18,12,1,4,3,1,1,1,6,1,1,2,1,1,1,2,2,2,1,1,1,3,3,3,1,1,1,1,1,2,1,1,1,1,2,1,1,2,1,1,1,1,1,1,1,1,1,1,3,11,1,1,4,20,4,1,2,1,17,1,4,1,1,1,1,2,19,2,1,1,3,1,3,1,2,2,3,1,1,1,1,1,1,1,2,1,1,1,1,2,1,1,2,2,3,1,2,1,1,1,1,2,2,2,1,2,4,2,2,1,1,1,4,1,15,3,23,12,10,18,15,1,2,1,4,3,3,15,2,3,7,2,14,1,1,14,3,25,13,7,3,2,3,5,1,2,21,3,2,1,2,2,1,2,2,2,4,2,5,1,3,2,2,3,1,1,1,1,1,1,4,4,6,1,1,2,2,1,2,1,1,1,1,3,1,2,1,3,1,1,1,1,2,2,2,1,1,1,1,3,2,1,2,1,1,2,2,1,2,1,1,1,1,2,1,3,1,1,1,1,2,1,1,2,1,1,2,1,1,1,4,1,4,1,1,1,1,1,2,1,2,1,2,1,2,2,1,1,1,1,1,1,1,2,1,1,2,5,2,2,5,2,2,4,1,5,2,4,1,2,4,1,2,1,1,2,1,1,1,2,2,3,1,1,1,2,1,1,2,1,1,1,1,2,1,1,2,2,1,3,2,2,1,2,2,3,1,1,1,3,3,3,2,1,5,1,1,1,3,2,1,1,1,3,1,1,1,1,2,1,1,2,1,1,1,2,3,1,1,1,2,2,1,1,1,1,1,3,2,2,1,1,2,1,1,2,1,5,1,2,5,1,2,2,5,1,1,2,1,1,2,1,1,3,2,3,2,1,1,1,2,1,1,1,3,1,1,1,1,1,2,2,1,3,2,3,5,1,1,1,2,1,1,1,1,3,1,3,1,3,1,1,1,3,1,1,1,1,2,1,1,2,1,1,1,2,2,1,1,1,3,1,2,5,1,1,2,1,1,3,1,1,1,1,1,1,1,2,1,1,1,1,2,1,1,1,1,1,1,2,1,2,1,1,1,1,1,1,1,1,1,1,6,3,4,2,1,3,2,1,2,2,2,1,1,4,28,1,2,1,24,1,2,13,2,1,1,1,1,1,1,16,1,3,2,2,1,1,1,2,1,1,5,25,2,2,19,2,2,1,1,1,2,1,2,2,1,1,1,2,2,1,1,1,1,1,1,2,1,1,1,1,15,1,1,1,4,1,2,3,2,1,1,16,1,1,2,4,1,1,2,1,2,1,1,1,4,1,3,1,1,3,1,5,3,3,1,2,2,1,2,1,1,1,1,2,1,1,2,1,1,1,3,1,2,3,1,1,2,2,2,1,1,1,1,1,2,1,1,1,3,1,1,4,1,1,5,1,1,3,1,1,3,1,1,1,2,3,1,1,2,2,1,3,1,1,5,1,3,8,6,2,1,1,5,3,1,1,3,1,1,2,1,4,1,1,1,3,1,1,2,1,3,1,1,2,1,3,1,1,1,1,2,2,1,2,1,2,2,1,1,1,1,1,2,1,3,1,2,1,1,1,2,2,1,1,2,2,1,2,1,3,1,2,1,1,2,4,1,1,1,1,1,1,2,2,1,3,1,1,1,3,2,1,3,1,1,2,1,3,1,1,2,1,3,2,1,1,1,2,1,2,1,1,1,1,5,1,2,1,1,1,2,3,1,3,3,2,1,1,2,1,3,1,2,1,1,1,1,3,4,2,2,1,5,2,1,1,3,1,1,2,1,1,1,2,1,1,1,1,1,2,1,1,1,1,1,3,1,3,1,1,1,3,1,2,1,2,2,1,1,1,1,1,1,1,1,1
1,1,3,1,2,2,1,1,4,2,2,4,2,2,2,2,5,5,2,3,2,2,5,2,4,5,13,3,3,4,7,5,4,3,5,7,4,6,3,9,4,14,9,11,4,7,4,8,4,10,7,10,7,5,13,5,11,4,5,7,6,5,10,9,7,16,16,8,10,7,8,24,10,9,14,6,11,10,11,9,20,17,14,6,10,9,20,8,20,11,8,22,8,2,12,14,17,17,18,25,11,13,17,38,23,8,13,13,13,2,12,16,10,15,8,2,32,11,16,1,18,8,8,3,10,15,23,1,12,2,11,28,11,12,8,16,1,26,4,2,14,16,12,3,19,6,15,4,2,2,13,1,2,4,14,10,5,16,2,26,17,17,2,14,11,21,1,6,1,9,2,3,8,6,5,1,2,1,1,2,2,1,1,6,5,2,1,1,1,2,1,1,2,1,2,1,1,2,2,1,2,1,2,3,1,1,1,1,5,1,2,1,1,3,3,1,2,2,2,2,1,2,1,1,2,1,2,2,1,3,1,2,3,3,1,1,1,6,2,3,2,1,1,2,1,1,3,1,1,1,1,3,1,1,1,4,3,1,1,1,1,1,1,2,2,1,5,1,1,1,1,3,3,1,1,1,1,1,2,5,1,1,1,1,3,1,3,1,1,2,3,2,1,1,2,1,1,1,3,2,1,1,1,1,1,3,1,1,3,2,1,1,1,1,2,2,1,1,1,1,1,1,1,1,1,1,1,1,1,1,1,1,1,3,1,1,1,2,1,1,1,4,1,2,1,1,1,1,1,1,1,3,1,1,1,1,1,3,1,2,1,1,2,1,1,2,1,2,1,1,2,2,3,1,3,1,1,1,2,1,3,2,1,1,2,1,1,1,2,1,1,1,1,1,1,1,1,3,1,1,2,2,4,1,1,1,2,1,1,1,1,1,2,1,2,2,3,2,1,1,1,1,1,3,1,2,1,3,1,2,3,1,1,3,1,1,2,1,5,1,1,1,2,1,2,1,1,1,2,1,1,1,1,2,1,1,4,1,1,1,1,2,2,1,1,1,1,1,1,2,1,1,1,1,2,1,3,1,1,1,1,2,1,3,1,4,4,1,2,1,1,1,1,1,5,1,1,1,1,3,1,1,1,1,1,2,1,10,1,2,2,1,1,1,1,1,1,1,3,2,1,3,1,1,3,2,1,3,1,1,2,2,1,2,4,2,1,1,1,1,3,1,4,1,1,2,1,1,3,3,1,2,1,2,1,1,1,8,1,6,2,1,1,1,1,2,2,2,1,2,1,1,1,2,1,1,1,1,1,1,1,1,1,1,1,1,1,1,1,1,2,1,1,1,4,1,1,1,1,1,2,2,1,1,4,1,1,1,2,1,1,4,2,2,1,2,3,3,1,1,1,1,1,1,11,2,2,1,1,1,1,2,3,2,22,2,21,1,1,3,2,1,2,1,1,1,1,1,1,2,2,2,1,19,14,1,3,7,1,18,13,7,1,20,1,13,1,1,2,3,1,1,1,1,1,1,1,2,1,4,2,2,1,1,5,1,1,1,2,5,2,1,4,1,2,1,1,2,3,1,1,1,1,2,2,2,1,1,2,1,1,3,1,1,1,1,1,1,1,2,3,1,1,1,1,2,1,2,2,1,1,1,1,2,1,3,2,1,1,1,1,1,1,3,3,1,2,1,3,1,1,1,3,1,1,3,2,1,4,1,1,3,2,2,1,1,1,1,3,3,2,1,1,2,1,1,2,1,4,1,2,1,1,1,2,3,1,3,1,1,2,1,2,2,3,1,3,1,2,1,2,1,1,2,1,2,2,1,2,2,2,2,2,1,1,3,2,1,2,1,2,1,1,14,2,1,3,1,1,1,1,3,1,1,1,2,1,5,2,2,1,1,1,1,5,4,1,2,1,1,1,3,1,1,1,5,1,1,1,3,1,1,3,1,2,1,1,1,1,1,1,1,2,1,1,4,1,1,2,1,1,1,2,1,2,1,1,2,1,1,1,4,6,2,1,1,1,4,1,2,1,1,2,1,2,1,1,1,1,1,1,4,1,1,2,1,3,1,1,1,1,1,1,1,1,3,1,1,2,1,1,1,2,1,1,1,1,1,1,1,1,1,1,2,1,3,1,1,1,3,1,1,1,1,3,2,2,1,1,1,1,1,6,3,1,2,1,2,1,1,1,2,1,2,2,1,1,1,4,1,2,1,1,1,1,1,1,3,2,1,3,1,2,2,1,4,2,2,2,1
1,3,3,2,2,1,1,1,3,1,2,2,3,2,2,3,3,2,2,3,3,4,4,4,2,9,4,7,3,3,2,4,8,4,6,3,7,5,10,11,9,6,7,8,3,4,8,13,12,5,8,8,5,10,9,7,5,5,5,9,4,11,15,7,21,7,6,6,23,8,6,9,9,9,11,15,8,21,14,12,15,7,10,20,17,2,15,15,9,11,15,9,7,9,16,12,23,18,19,19,10,26,12,2,8,2,11,18,1,7,7,3,10,13,5,13,5,14,27,17,16,10,13,8,3,12,15,2,13,17,35,14,51,11,12,12,18,8,18,3,13,24,15,2,20,5,15,14,28,10,4,13,3,23,20,5,2,15,7,1,18,5,2,17,3,22,12,4,8,2,14,5,4,6,14,9,14,2,1,4,11,2,3,1,9,5,1,2,2,4,1,18,1,2,3,4,1,4,2,3,4,1,3,1,1,1,2,1,1,2,2,1,3,3,1,3,4,1,1,1,1,21,1,3,1,4,1,2,1,1,21,24,15,2,1,1,2,1,13,17,25,8,6,1,1,1,1,16,1,26,1,9,2,1,1,3,2,1,1,1,2,1,1,3,3,1,1,1,1,2,2,2,2,3,2,2,2,1,3,1,1,1,1,2,1,1,1,1,3,2,1,1,1,2,1,1,1,1,1,1,2,1,2,2,1,2,1,3,1,4,1,1,3,1,1,1,1,1,1,1,1,1,1,1,4,1,1,1,1,1,1,1,1,1,5,1,1,1,1,3,4,1,1,1,3,1,1,3,2,1,1,1,1,3,1,1,1,2,2,2,3,3,2,6,2,2,1,1,1,1,2,2,2,2,14,1,1,1,1,1,2,1,1,2,1,2,3,1,2,2,1,1,1,3,1,1,1,1,4,2,4,1,15,1,7,1,3,3,1,1,2,1,1,18,1,19,2,1,3,1,1,1,3,1,3,1,8,1,1,2,3,2,2,1,2,4,1,2,1,1,2,1,1,1,2,3,1,2,12,3,1,1,1,2,1,23,1,1,1,1,1,2,1,2,1,2,1,2,2,2,2,1,2,1,1,2,3,1,1,1,1,1,1,1,1,1,1,1,2,1,2,1,1,2,3,1,1,1,1,2,3,2,1,3,1,1,1,1,1,4,1,3,1,1,1,4,2,1,1,1,3,1,1,2,1,1,1,1,3,1,2,1,5,1,1,2,1,1,1,1,1,1,1,3,3,2,2,1,1,4,1,3,1,1,1,2,1,1,2,1,2,3,1,1,4,2,1,2,2,1,1,1,2,1,1,1,1,1,1,1,2,1,4,1,1,2,3,2,1,3,1,1,2,4,3,1,1,2,1,1,6,1,1,2,1,1,1,1,2,3,1,2,1,1,2,2,1,2,1,5,3,1,1,2,1,2,1,2,1,1,1,2,2,1,1,2,5,1,2,2,2,1,2,1,2,1,1,2,1,1,1,1,1,1,1,1,1,2,2,2,1,16,1,1,1,4,1,1,1,2,3,1,1,1,1,3,1,1,1,2,2,5,2,3,2,1,1,2,1,2,1,1,1,1,1,1,1,1,3,2,2,1,3,2,2,1,1,1,1,1,2,1,2,3,1,1,1,2,22,1,1,1,2,1,1,2,1,1,2,3,2,1,1,3,3,2,1,1,1,2,1,2,2,3,2,3,3,1,1,1,1,1,1,1,1,1,2,1,2,1,1,1,1,2,1,1,1,1,1,3,2,1,1,2,1,1,2,2,2,2,6,1,1,1,1,2,3,2,1,1,1,1,1,1,1,2,3,1,2,1,1,1,1,1,1,3,3,2,2,1,1,1,3,1,1,1,2,1,2,1,1,1,3,2,3,1,2,1,1,4,1,2,1,1,3,2,2,2,2,2,14,1,1,1,2,2,1,2,2,1,2,3,1,1,1,1,1,1,1,1,2,2,5,1,1,1,2,1,2,2,2,1,1,1,1,1,2,1,2,1,1,1,3,1,2,2,1,3,5,1,1,1,1,2,1,1,1,1,1,1,6,2,2,1,3,1,1,1,3,1,1,1,2,1,2,1,2,1,1,2,3,1,1,1,4,1,1,2,3,2,1,3,1,1,1,2,1,2,1,4,3,2,3,1,1,1,3,3,4,2,1,1,1,1,2,2,1,1,1,1,3,2,3,3,2,1,1,1,1,1,1,1,1,3,2,1,2,2,3,1,1,2,1,2,1,1,1,2,1,1,2,1,1,1,2,1,1,1,2,1
1,3,2,1,2,1,4,1,2,1,4,2,3,4,6,2,2,2,2,2,8,4,7,5,3,3,2,3,7,6,3,7,3,5,3,3,6,4,4,7,5,3,9,5,7,3,16,4,5,9,8,7,10,4,9,7,7,5,9,5,10,9,5,6,17,8,10,7,10,12,6,6,8,13,11,12,6,9,7,9,7,1,13,13,6,8,20,6,13,8,9,7,7,16,9,9,10,22,18,18,12,3,18,14,2,8,38,11,14,8,9,9,13,12,10,4,16,17,13,16,17,20,33,5,8,3,14,4,3,14,2,3,10,14,13,2,17,2,15,22,12,1,11,1,4,5,1,1,1,1,1,3,4,3,1,8,19,15,7,23,12,19,2,2,1,5,13,1,3,6,1,12,15,9,9,1,1,1,1,2,6,2,1,1,1,1,1,1,1,1,15,5,2,17,7,18,3,1,1,1,1,2,1,3,1,1,2,1,1,1,1,2,2,1,1,2,3,2,2,1,1,2,17,1,1,1,1,1,1,1,23,2,4,6,1,3,28,2,2,16,6,1,7,13,1,1,3,19,2,21,1,1,1,1,3,1,1,1,12,1,10,1,5,6,4,1,3,2,1,1,1,1,3,1,4,2,1,2,1,1,1,3,1,2,2,1,1,2,1,1,1,1,1,1,1,1,2,1,1,1,1,2,2,1,3,2,2,3,1,2,1,1,3,1,2,2,1,3,1,1,1,2,4,1,1,2,1,1,2,2,1,1,2,2,2,1,3,2,1,1,1,1,1,1,1,1,1,1,2,1,1,4,2,2,1,2,1,2,1,1,1,1,2,1,1,1,1,1,1,3,2,1,1,1,1,1,1,1,1,2,1,2,2,2,3,1,4,1,1,1,1,3,2,1,1,2,2,1,1,1,1,1,3,5,25,1,1,4,2,4,7,1,1,1,3,2,1,1,1,16,14,1,1,2,14,7,1,1,2,16,2,1,1,14,2,3,1,1,1,1,1,1,2,1,2,2,1,1,1,2,2,1,24,1,14,2,2,1,1,2,2,2,1,1,1,1,1,18,2,1,1,2,1,2,28,34,3,6,14,2,1,3,1,2,11,3,7,4,14,3,4,16,5,1,4,21,1,1,3,2,4,3,1,1,2,1,1,1,2,1,2,3,3,2,1,2,2,2,2,7,2,1,1,2,2,13,1,2,1,1,2,1,1,25,1,1,3,1,1,14,13,3,29,2,1,3,1,2,1,4,1,1,1,1,1,1,1,1,1,1,1,3,2,2,1,4,2,5,1,1,1,1,1,2,2,1,1,1,1,1,1,1,1,8,2,1,1,1,4,2,2,1,1,2,2,1,1,6,5,1,1,1,3,1,3,3,1,1,1,1,3,3,1,1,3,2,2,2,1,1,1,1,1,1,2,1,1,1,2,1,1,2,1,3,5,2,1,1,34,1,2,3,2,2,1,4,1,2,2,2,2,1,1,1,2,2,1,1,2,23,1,1,1,1,1,1,1,1,2,1,1,2,1,2,1,3,1,2,2,1,1,1,2,2,2,1,1,1,2,1,1,2,1,1,1,2,1,1,25,2,1,1,1,2,2,1,3,1,1,1,1,1,1,1,3,1,1,3,2,2,3,1,1,2,1,1,2,1,1,1,1,1,1,1,1,3,1,1,1,1,1,1,2,2,2,1,2,4,1,1,1,2,3,2,3,2,3,11,2,5,3,2,1,1,1,1,1,1,1,2,2,4,1,1,2,1,1,3,1,1,1,5,1,10,2,1,2,1,2,1,2,1,1,14,2,1,2,1,2,2,3,2,1,3,1,1,2,1,2,1,1,1,2,1,2,3,1,1,3,3,1,1,1,3,1,4,6,1,2,1,19,1,1,1,1,1,2,1,1,1,2,2,2,1,1,3,2,1,2,3,1,2,1,1,1,1,1,2,1,2,1,2,1,1,2,1,13,1,1,1,1,3,1,2,3,1,2,1,1,2,2,1,1,1,2,1,3,2,2,2,2,1,2,1,1,2,1,1,3,1,1,8,1,2,1,2,4,1,1,1,2,1,2,2,1,2,1,5,1,1,13,2,1,1,4,4,1,3,1,1,2,1,6,1,1,1,1,1,3,1,1,4,2,1,1,3,3,1,1,1,2,1,1,2,1,1,2,1,1,1,1,1,3,2,2,3,1,1,2,1,1,1,2,2,2,1,1,1,4,1,1,2,1,1,2,2,1,1,1,1,1,1,2,6,2,1,1,3,2,1
2,1,1,1,2,6,1,2,1,5,3,5,5,2,3,5,3,2,2,2,3,6,2,2,2,7,3,2,3,6,2,5,9,9,5,3,3,8,11,10,3,3,6,3,4,14,4,8,7,10,8,5,5,10,10,7,11,10,5,6,8,11,10,5,7,8,9,16,6,6,8,14,6,10,3,10,7,13,6,13,20,10,8,23,14,8,17,12,9,3,12,15,8,10,14,12,12,17,23,12,15,7,15,9,12,13,11,15,16,8,1,4,16,11,11,17,1,1,1,2,1,1,1,19,14,12,19,13,24,16,16,14,9,4,18,10,3,17,25,11,2,10,9,12,11,15,3,29,3,1,1,3,6,1,27,31,18,23,1,11,21,19,16,45,14,1,5,8,22,5,10,26,12,2,2,3,1,1,2,1,2,3,1,10,5,13,5,10,4,1,1,2,7,5,3,3,1,4,3,1,1,1,1,3,1,5,1,7,5,1,3,3,2,5,1,1,4,12,1,1,4,2,1,16,1,1,2,2,2,2,1,1,1,1,2,2,1,1,2,3,1,3,1,1,2,2,1,1,1,3,1,16,15,1,13,10,1,18,17,22,3,1,1,2,22,2,2,1,20,19,2,5,3,2,12,4,1,3,1,2,1,1,1,1,1,1,4,5,1,4,2,1,27,3,1,1,2,1,1,1,1,3,1,5,1,3,3,2,1,2,1,2,1,1,2,1,1,2,1,1,1,1,1,1,1,1,1,1,1,2,3,1,4,2,2,1,2,2,2,3,1,2,2,1,1,1,1,1,1,1,2,1,1,2,1,1,1,2,1,1,1,2,1,1,1,1,2,1,1,3,1,1,1,1,1,1,2,1,1,2,1,1,2,1,1,3,1,1,22,1,22,1,2,5,1,2,2,2,2,2,1,1,1,1,1,2,2,2,1,1,4,1,3,1,1,3,2,1,1,15,2,1,1,4,1,1,1,22,3,1,3,4,2,2,3,1,2,1,1,2,2,1,1,1,2,1,2,2,1,1,7,1,1,1,20,20,2,1,1,1,2,1,3,2,2,1,1,2,2,2,2,1,1,26,5,2,1,1,2,1,1,1,1,2,1,1,1,2,4,1,2,1,2,1,1,2,1,2,14,1,1,3,2,1,2,1,2,1,2,1,1,1,1,1,3,1,2,1,1,1,5,1,3,4,16,1,7,1,2,1,1,1,1,1,2,1,1,1,3,1,1,1,1,1,1,1,1,1,1,1,1,1,1,1,1,24,8,2,17,2,2,1,8,7,5,1,3,2,1,3,3,1,1,1,1,1,1,2,6,1,1,2,1,1,3,4,1,1,3,1,1,1,1,1,14,1,1,8,3,2,13,1,3,1,4,1,1,2,1,1,1,1,1,1,1,1,1,1,1,2,1,2,1,3,2,3,2,2,2,1,2,4,1,2,3,3,3,1,1,1,2,1,1,1,1,1,1,2,1,1,3,1,1,2,2,1,1,2,1,1,1,2,4,1,1,1,1,2,1,1,3,4,1,3,1,1,1,2,1,1,1,1,2,1,2,1,2,3,1,1,1,1,1,1,1,2,1,1,1,1,1,2,1,1,1,1,1,2,4,1,1,2,1,2,1,2,2,3,4,1,1,1,1,1,1,1,1,1,1,1,1,2,2,3,1,1,1,1,1,2,1,2,2,4,1,2,1,1,1,1,2,1,2,1,2,4,2,2,1,1,1,1,1,2,2,4,1,2,3,7,1,1,1,3,2,2,4,1,1,1,1,1,2,1,2,2,1,1,1,2,1,1,2,2,1,1,1,2,1,2,1,2,1,1,2,2,2,1,2,1,7,1,1,1,1,1,1,4,1,1,1,2,1,1,2,2,2,2,5,1,1,1,4,1,7,1,1,4,1,2,2,4,1,4,1,1,1,1,1,1,1,1,3,1,2,1,4,3,1,1,1,2,3,1,1,1,1,1,2,3,1,1,4,2,3,1,2,1,1,1,1,1,2,1,2,1,4,1,2,1,2,1,1,4,1,2,1,3,2,1,3,2,1,2,1,1,2,1,1,1,2,1,1,3,1,1,1,1,1,1,2,1,1,1,1,1,2,1,2,2,1,1,1,1,3,2,1,1,1,2,2,1,1,3,4,1,4,1,1,1,1,1,2,1,1,2,2,3,1,1,1,2,1,1,2,1,1,2,1,3,1,2,1,1,1,1,1,2,1,1,1,1,1,2,1,1,1,1,1,2,1,1,3,1,2,2,2,1,1,1
1,1,3,4,2,1,1,2,3,2,3,2,1,2,13,4,7,2,6,3,2,2,7,4,7,5,6,5,4,7,4,5,4,3,4,3,4,8,5,3,7,7,5,4,9,6,9,7,9,7,8,5,13,13,6,7,7,8,9,6,15,6,10,11,8,15,5,6,12,2,21,6,6,5,11,8,2,10,7,20,17,10,10,11,15,13,11,16,15,15,15,11,16,14,12,15,10,22,17,26,5,5,10,9,19,8,14,2,11,10,9,32,9,16,15,21,17,9,10,17,12,17,15,7,10,11,2,12,12,13,3,2,12,12,16,24,2,10,4,14,12,24,3,26,15,21,10,46,15,2,5,13,13,2,15,27,54,15,20,3,7,3,1,14,3,10,8,1,4,2,2,4,3,3,1,2,1,1,1,2,4,1,1,5,3,3,1,2,1,3,2,1,2,1,13,1,1,2,15,15,11,1,12,2,1,1,1,2,1,3,1,1,1,1,3,1,2,6,1,1,3,3,4,3,1,1,1,1,1,3,1,2,1,1,1,1,2,1,1,1,3,1,1,1,1,2,1,4,1,1,2,1,1,1,2,1,2,1,1,1,1,1,1,1,2,1,2,16,17,16,4,17,13,1,1,3,1,1,2,18,2,1,1,17,1,1,26,21,9,27,1,1,1,2,1,2,2,19,6,31,18,1,20,1,1,1,1,1,24,1,1,1,2,21,4,1,1,1,1,21,19,28,2,7,10,3,1,6,2,3,1,1,1,2,4,1,1,2,3,2,2,5,3,1,1,5,3,2,6,2,1,1,2,1,1,2,2,4,4,1,1,1,2,2,1,1,1,1,1,1,2,1,10,1,1,1,1,1,1,1,1,1,2,2,2,1,2,2,6,1,2,4,1,1,1,1,2,4,2,3,1,2,1,1,1,2,1,1,2,1,1,1,3,1,1,2,1,1,1,2,3,1,2,1,1,1,20,1,1,1,2,1,1,1,1,1,3,1,1,1,1,1,1,1,2,1,2,1,2,1,1,1,2,1,1,1,1,2,1,1,1,1,1,1,1,1,1,2,1,1,1,1,1,1,1,1,4,1,1,1,2,1,2,33,1,4,1,2,1,2,3,2,4,2,1,1,1,2,1,2,2,1,1,3,1,1,6,2,1,2,2,4,4,3,1,2,1,1,1,1,1,3,1,1,2,1,2,1,2,2,3,9,4,1,2,4,1,1,1,4,2,2,1,2,1,1,1,1,1,3,1,1,2,1,1,1,1,4,3,1,1,1,2,3,2,2,2,3,2,2,3,1,3,1,1,2,2,1,1,1,1,3,2,3,1,4,1,1,1,2,1,1,3,2,2,2,1,2,3,1,2,1,1,1,3,3,1,1,1,1,1,1,1,3,2,1,1,2,2,1,1,1,1,1,1,2,1,1,2,1,2,1,1,2,1,1,2,2,3,1,2,3,2,1,3,1,1,1,1,1,1,1,4,1,1,3,1,1,3,1,1,1,1,1,1,1,1,1,2,1,1,1,1,1,1,2,1,1,1,3,1,1,2,1,2,1,2,1,1,2,2,1,1,1,1,1,1,1,1,2,1,2,2,1,3,1,4,1,4,4,1,1,1,2,1,2,2,4,1,1,2,1,1,1,1,3,5,1,2,4,2,4,2,1,1,4,1,1,1,7,1,3,1,2,2,1,1,2,1,1,2,1,6,1,1,1,1,1,1,1,1,3,1,2,1,1,2,3,2,1,2,2,3,1,4,1,1,2,1,1,1,3,1,1,2,3,2,1,2,1,1,1,1,2,1,2,1,1,1,1,2,1,1,1,1,2,1,1,2,1,2,1,1,1,1,2,1,2,1,1,1,3,1,2,1,1,1,1,1,1,1,1,3,5,1,1,4,2,1,1,1,1,1,1,2,1,1,1,1,1,1,1,1,1,1,2,2,2,2,1,2,1,3,1,2,1,1,1,2,1,2,3,1,1,1,2,1,1,1,1,2,1,1,2,3,3,1,2,1,1,1,1,1,2,1,2,1,3,1,2,1,4,1,1,2,1,1,3,2,2,1,1,1,1,1,2,1,1,1,2,2,2,2,1,1,2,4,1,1,1,2,1,1,1,1,1,2,1,2,1,2,1,1,1,1,1,3,1,1,2,5,2,2,1,1,1,1,1,1,1,1,1,1,1,1,2,2,1,1,1,1,2,2,2,1,1,4,2,1,1,1,1,3,1,2,2,1,3,1,2,1,1,2,1,1,2,1,1,1,1
2,2,1,2,1,2,2,1,1,2,1,3,4,2,2,2,4,4,2,7,3,4,4,3,2,6,3,5,3,5,6,8,6,6,6,5,3,8,9,5,6,6,5,14,4,4,6,7,8,3,12,25,4,8,7,5,7,5,8,16,5,11,8,6,11,5,8,8,5,10,7,13,12,6,12,8,8,10,12,12,13,14,16,7,16,6,11,10,15,17,11,8,8,11,13,20,22,2,7,20,18,7,15,10,24,26,11,27,11,17,21,11,16,16,13,8,4,13,15,15,1,6,7,11,29,4,11,6,10,29,2,19,4,3,11,1,2,4,15,14,3,14,9,1,4,6,8,11,14,12,14,4,1,1,2,1,2,23,3,1,5,3,21,6,1,6,3,2,4,2,15,1,1,1,1,1,1,1,1,2,1,1,1,1,2,5,1,1,1,3,1,13,3,1,3,1,1,1,2,1,2,1,1,2,1,1,19,1,1,1,2,1,2,19,5,1,11,13,12,1,17,11,4,16,5,1,2,22,1,1,3,3,3,2,3,3,1,1,11,12,3,2,1,1,1,1,1,1,13,1,1,1,1,12,15,1,3,2,5,2,1,6,2,3,21,2,1,4,3,1,5,1,1,3,3,1,1,1,1,1,18,14,21,1,5,18,1,3,21,3,24,3,1,1,1,2,1,1,1,1,1,1,2,1,1,1,1,1,1,1,1,2,1,1,1,2,1,3,2,2,2,1,2,1,4,1,1,2,1,1,1,1,2,1,2,1,1,1,1,1,1,1,15,2,1,2,1,1,2,1,1,1,2,2,5,1,2,1,2,2,4,25,1,7,12,1,4,4,17,7,2,1,3,2,5,2,4,1,2,1,1,2,1,30,1,1,2,1,1,1,1,1,2,1,1,3,1,1,1,2,1,1,2,1,1,2,2,1,1,1,2,2,1,1,1,2,1,1,1,2,4,2,1,1,2,2,2,2,2,1,1,1,1,1,2,2,4,1,1,1,1,1,1,4,1,2,1,2,1,1,1,2,1,5,1,1,2,1,1,1,2,1,1,1,1,2,1,1,1,1,1,3,1,1,2,1,1,1,1,1,1,1,1,1,1,1,2,1,2,1,2,1,1,1,1,1,1,4,2,5,2,1,1,2,2,1,3,1,1,1,1,1,1,1,2,2,1,2,1,1,2,1,1,1,22,2,2,1,1,1,1,1,6,1,2,4,1,3,1,3,1,1,1,18,1,3,1,3,1,3,2,3,2,23,1,3,1,3,1,3,1,1,1,1,1,1,11,1,3,2,1,1,2,1,1,2,1,1,2,1,1,1,1,1,1,2,1,1,2,1,2,1,3,3,1,1,1,1,1,1,2,1,3,2,2,1,2,1,2,3,3,2,1,2,2,1,4,3,1,2,2,2,6,2,1,2,1,1,1,3,1,1,2,5,3,1,3,2,3,1,1,2,2,1,1,1,1,1,1,1,2,2,4,2,1,1,1,2,2,3,1,1,1,18,1,1,1,1,1,2,3,1,1,1,2,2,1,4,1,1,1,1,1,2,2,2,2,1,1,3,4,2,1,1,1,1,1,1,18,1,2,1,4,2,1,1,2,4,2,1,1,1,1,1,1,1,2,2,1,2,1,1,2,1,1,2,1,2,2,2,1,1,1,1,2,2,1,1,1,1,3,1,1,2,2,2,1,2,1,2,1,2,4,1,1,1,1,1,1,13,3,1,1,1,2,2,1,2,1,1,2,3,1,1,2,27,3,1,1,1,1,2,1,1,1,1,2,1,3,1,1,4,2,1,1,1,1,2,20,1,2,1,1,1,1,2,1,1,1,2,1,2,1,1,3,1,1,1,1,1,1,1,2,1,1,1,1,3,1,2,1,1,1,3,1,1,1,2,2,1,1,1,1,3,2,1,1,2,1,4,2,1,2,3,1,1,1,1,2,3,3,2,1,2,2,1,1,2,1,3,1,1,2,2,1,1,4,2,1,1,1,1,1,2,1,1,1,4,1,2,1,1,1,1,2,2,2,2,2,1,2,1,2,1,3,1,1,2,1,2,2,1,1,2,1,1,1,3,1,1,1,2,1,1,1,1,1,1,1,1,1,1,2,1,1,2,2,1,1,2,2,1,2,1,2,1,2,2,1,1,1,1,1,2,1,1,1,1,6,1,1,1,2,2,4,1,2,1,1,1,1,1,2,3,1,2,2,3,2,2,1,1,1,1,1,1,1,2,1,2,1,1,2,1,3,1,1,4,1,2
